{"type":"FeatureCollection","features":[{"type":"Feature","id":"relation/8297669","geometry":{"type":"Polygon","coordinates":[[[127.0668065,37.2774686],[127.0668628,37.2775305],[127.0668843,37.2775646],[127.0668897,37.2776009],[127.0668843,37.2776308],[127.0668789,37.2776521],[127.0668977,37.2776799],[127.0669165,37.2777119],[127.0669326,37.2777482],[127.0669406,37.277793],[127.0669353,37.2778357],[127.0669192,37.2778613],[127.066895,37.2778613],[127.0666724,37.2777588],[127.0666831,37.2777183],[127.0666831,37.2776799],[127.0666724,37.2776521],[127.0666322,37.2776201],[127.0668065,37.2774686]],[[127.066781,37.2777978],[127.0667891,37.2777861],[127.0667877,37.2777732],[127.066781,37.2777636],[127.0667649,37.277753],[127.0667462,37.2777455],[127.0667328,37.2777455],[127.0667274,37.2777572],[127.0667287,37.27777],[127.0667368,37.2777807],[127.0667475,37.2777882],[127.0667596,37.2777935],[127.066781,37.2777978]],[[127.0669152,37.2777973],[127.0669232,37.2777877],[127.0669245,37.277778],[127.0669205,37.2777663],[127.0669152,37.2777567],[127.0669017,37.2777492],[127.0668843,37.2777514],[127.0668709,37.2777535],[127.0668736,37.2777674],[127.0668763,37.2777813],[127.066887,37.2777887],[127.0668991,37.2777941],[127.0669152,37.2777973]],[[127.0669111,37.2778442],[127.0669219,37.2778335],[127.0669205,37.2778239],[127.0669111,37.2778175],[127.0668977,37.2778165],[127.066887,37.2778197],[127.0668789,37.2778261],[127.0668789,37.2778357],[127.0668856,37.2778442],[127.0668977,37.2778463],[127.0669111,37.2778442]],[[127.0668642,37.2778325],[127.0668722,37.2778207],[127.0668709,37.2778079],[127.0668642,37.2777983],[127.0668481,37.2777877],[127.0668293,37.2777802],[127.0668159,37.2777802],[127.0668105,37.2777919],[127.0668119,37.2778047],[127.0668199,37.2778154],[127.0668307,37.2778229],[127.0668427,37.2778282],[127.0668642,37.2778325]],[[127.0666979,37.277761],[127.0667086,37.2777535],[127.06671,37.2777418],[127.0667046,37.27773],[127.0666939,37.2777247],[127.0666885,37.2777332],[127.0666872,37.277745],[127.0666885,37.2777556],[127.0666979,37.277761]],[[127.0666764,37.2776361],[127.0666818,37.2776276],[127.0666791,37.277619],[127.0666684,37.2776105],[127.0666577,37.2776105],[127.0666523,37.277619],[127.066655,37.2776287],[127.0666657,37.277634],[127.0666764,37.2776361]],[[127.0667261,37.277603],[127.0667314,37.2775945],[127.0667341,37.2775838],[127.0667314,37.2775689],[127.0667207,37.2775614],[127.0667073,37.2775646],[127.0666966,37.2775753],[127.0666885,37.2775881],[127.0666872,37.2775998],[127.0666966,37.2776052],[127.06671,37.2776062],[127.0667261,37.277603]],[[127.0668561,37.2775774],[127.0668615,37.2775668],[127.0668615,37.2775561],[127.0668588,37.2775411],[127.0668441,37.2775305],[127.066832,37.2775305],[127.0668226,37.2775379],[127.0668159,37.2775475],[127.0668172,37.2775625],[127.0668253,37.277571],[127.0668454,37.2775774],[127.0668561,37.2775774]],[[127.0668266,37.2775123],[127.0668266,37.2775038],[127.0668159,37.2774931],[127.0668012,37.2774942],[127.0667904,37.2775006],[127.0667971,37.2775113],[127.0668119,37.2775123],[127.0668266,37.2775123]],[[127.0667851,37.2775443],[127.0667877,37.2775283],[127.0667824,37.2775177],[127.0667703,37.2775155],[127.0667596,37.2775209],[127.0667515,37.2775294],[127.0667435,37.2775422],[127.0667421,37.2775529],[127.0667529,37.2775582],[127.0667649,37.2775582],[127.0667797,37.277554],[127.0667851,37.2775443]]]},"properties":{"id":"relation/8297669","building":"yes","name":null,"levels":null,"height":12,"heightSource":"estimated"}},{"type":"Feature","id":"relation/8348716","geometry":{"type":"MultiPolygon","coordinates":[[[[127.0635285,37.2887139],[127.063541,37.2887074],[127.0635073,37.288664],[127.0636905,37.2885837],[127.0637201,37.2886264],[127.0637033,37.2886338],[127.0637307,37.2886734],[127.0637051,37.2886847],[127.0637547,37.2887563],[127.0637339,37.2887654],[127.0637565,37.2887981],[127.0636574,37.2888415],[127.0636245,37.2887941],[127.0635908,37.2888089],[127.0635285,37.2887139]]],[[[127.0635275,37.2887138],[127.0635696,37.2887774],[127.0634813,37.2888162],[127.0634065,37.2887082],[127.0635067,37.2886643],[127.0635404,37.2887072],[127.0635275,37.2887138]]]]},"properties":{"id":"relation/8348716","building":"apartments","name":null,"levels":null,"height":70,"heightSource":"estimated"}},{"type":"Feature","id":"relation/9279635","geometry":{"type":"Polygon","coordinates":[[[127.0639381,37.2882639],[127.0638994,37.2881997],[127.0639128,37.2881933],[127.0638835,37.2881477],[127.0640677,37.2880733],[127.0640955,37.2881168],[127.0640784,37.2881237],[127.0641041,37.2881641],[127.064078,37.2881746],[127.0641245,37.2882476],[127.0641033,37.2882561],[127.0641245,37.2882894],[127.0640236,37.2883301],[127.0639928,37.2882818],[127.0639584,37.2882957],[127.0639381,37.2882639]]]},"properties":{"id":"relation/9279635","building":"apartments","name":null,"levels":null,"height":70,"heightSource":"estimated"}},{"type":"Feature","id":"way/171579345","geometry":{"type":"Polygon","coordinates":[[[127.0669054,37.2723236],[127.0668607,37.2721019],[127.0667303,37.2721186],[127.0666874,37.2719059],[127.0670031,37.2718656],[127.0670907,37.2722999],[127.0669054,37.2723236]]]},"properties":{"id":"way/171579345","building":"yes","name":null,"levels":null,"height":12,"heightSource":"estimated"}},{"type":"Feature","id":"way/252398776","geometry":{"type":"Polygon","coordinates":[[[127.0741981,37.2932794],[127.0741764,37.2931951],[127.0745428,37.2931262],[127.0746207,37.2930388],[127.0748014,37.2931407],[127.0746957,37.2932594],[127.0745968,37.2932036],[127.0741981,37.2932794]]]},"properties":{"id":"way/252398776","building":"apartments","name":"3104","levels":null,"height":70,"heightSource":"estimated"}},{"type":"Feature","id":"way/468229310","geometry":{"type":"Polygon","coordinates":[[[127.0626288,37.2894754],[127.0628619,37.2893597],[127.0629397,37.2894589],[127.0627066,37.2895746],[127.0626288,37.2894754]]]},"properties":{"id":"way/468229310","building":"apartments","name":null,"levels":24,"height":72,"heightSource":"levels"}},{"type":"Feature","id":"way/468229311","geometry":{"type":"Polygon","coordinates":[[[127.0623271,37.2897094],[127.0625602,37.2895936],[127.062638,37.2896928],[127.0624049,37.2898085],[127.0623271,37.2897094]]]},"properties":{"id":"way/468229311","building":"apartments","name":null,"levels":26,"height":78,"heightSource":"levels"}},{"type":"Feature","id":"way/468229314","geometry":{"type":"Polygon","coordinates":[[[127.0641844,37.2887087],[127.0642135,37.2887516],[127.0641967,37.2887589],[127.0642238,37.2887986],[127.0641979,37.2888098],[127.0642468,37.2888817],[127.0642258,37.2888907],[127.0642481,37.2889235],[127.0641485,37.2889663],[127.0641162,37.2889187],[127.0640823,37.2889333],[127.064061,37.2889019],[127.0639728,37.2889398],[127.0638992,37.2888314],[127.0641844,37.2887087]]]},"properties":{"id":"way/468229314","building":"apartments","name":null,"levels":27,"height":81,"heightSource":"levels"}},{"type":"Feature","id":"way/468229316","geometry":{"type":"Polygon","coordinates":[[[127.0645658,37.2881301],[127.0645955,37.2881728],[127.0645787,37.2881802],[127.0646063,37.2882197],[127.0645806,37.2882311],[127.0646304,37.2883026],[127.0646097,37.2883118],[127.0646324,37.2883443],[127.0645334,37.288388],[127.0645004,37.2883407],[127.0644667,37.2883555],[127.064445,37.2883244],[127.0643573,37.288363],[127.0642821,37.2882551],[127.0645658,37.2881301]]]},"properties":{"id":"way/468229316","building":"apartments","name":null,"levels":27,"height":81,"heightSource":"levels"}},{"type":"Feature","id":"way/468229317","geometry":{"type":"Polygon","coordinates":[[[127.0638025,37.2892723],[127.0638357,37.2893133],[127.0638195,37.2893216],[127.0638502,37.2893596],[127.0638256,37.2893722],[127.0638811,37.289441],[127.0638611,37.2894513],[127.0638865,37.2894826],[127.0637912,37.2895312],[127.0637545,37.2894856],[127.063722,37.2895022],[127.0636978,37.2894722],[127.0636134,37.2895153],[127.0635297,37.2894116],[127.0638025,37.2892723]]]},"properties":{"id":"way/468229317","building":"apartments","name":null,"levels":27,"height":81,"heightSource":"levels"}},{"type":"Feature","id":"way/468229318","geometry":{"type":"Polygon","coordinates":[[[127.0635733,37.2896995],[127.0636073,37.2897401],[127.0635914,37.2897485],[127.063623,37.2897861],[127.0635987,37.2897991],[127.0636558,37.2898671],[127.063636,37.2898776],[127.0636621,37.2899086],[127.063568,37.2899586],[127.0635302,37.2899136],[127.0634981,37.2899307],[127.0634732,37.2899011],[127.0633899,37.2899454],[127.0633037,37.2898429],[127.0635733,37.2896995]]]},"properties":{"id":"way/468229318","building":"apartments","name":null,"levels":27,"height":81,"heightSource":"levels"}},{"type":"Feature","id":"way/468229319","geometry":{"type":"Polygon","coordinates":[[[127.0632954,37.2901102],[127.0633302,37.2901502],[127.0633145,37.2901589],[127.0633468,37.2901961],[127.0633227,37.2902093],[127.0633811,37.2902767],[127.0633615,37.2902874],[127.0633882,37.2903181],[127.0632951,37.2903693],[127.0632564,37.2903247],[127.0632246,37.2903421],[127.0631991,37.2903128],[127.0631167,37.2903581],[127.0630286,37.2902567],[127.0632954,37.2901102]]]},"properties":{"id":"way/468229319","building":"apartments","name":null,"levels":27,"height":81,"heightSource":"levels"}},{"type":"Feature","id":"way/491438451","geometry":{"type":"Polygon","coordinates":[[[127.0578269,37.2757208],[127.0576331,37.2753681],[127.0578537,37.2752914],[127.0580475,37.2756441],[127.0578269,37.2757208]]]},"properties":{"id":"way/491438451","building":"yes","name":null,"levels":null,"height":12,"heightSource":"estimated"}},{"type":"Feature","id":"way/538569532","geometry":{"type":"Polygon","coordinates":[[[127.0752809,37.2929293],[127.0752459,37.2928061],[127.0760255,37.2926661],[127.076073,37.2928333],[127.0757064,37.2928992],[127.0757583,37.293082],[127.0762401,37.2929954],[127.0762913,37.2931757],[127.075806,37.2932628],[127.0757983,37.2932356],[127.0756593,37.2932605],[127.0755515,37.2928807],[127.0752809,37.2929293]]]},"properties":{"id":"way/538569532","building":"school","name":null,"levels":5,"height":15,"heightSource":"levels"}},{"type":"Feature","id":"way/538569534","geometry":{"type":"Polygon","coordinates":[[[127.0752831,37.2935067],[127.0752071,37.2932108],[127.0756098,37.2931453],[127.0756859,37.2934412],[127.0752831,37.2935067]]]},"properties":{"id":"way/538569534","building":"yes","name":null,"levels":3,"height":9,"heightSource":"levels"}},{"type":"Feature","id":"way/538569535","geometry":{"type":"Polygon","coordinates":[[[127.0740355,37.2926036],[127.0743732,37.2925501],[127.0744399,37.2924695],[127.0746527,37.2925809],[127.0745487,37.2927066],[127.0744056,37.2926317],[127.0740589,37.292693],[127.0740355,37.2926036]]]},"properties":{"id":"way/538569535","building":"apartments","name":"3105","levels":null,"height":70,"heightSource":"estimated"}},{"type":"Feature","id":"way/538569536","geometry":{"type":"Polygon","coordinates":[[[127.073565,37.2927487],[127.0735392,37.2926547],[127.0738789,37.2925958],[127.0739046,37.2926895],[127.0737838,37.2927104],[127.0737899,37.2927325],[127.0736971,37.2927486],[127.0736911,37.2927268],[127.073565,37.2927487]]]},"properties":{"id":"way/538569536","building":"apartments","name":"3106","levels":18,"height":54,"heightSource":"levels"}},{"type":"Feature","id":"way/538569537","geometry":{"type":"Polygon","coordinates":[[[127.0725573,37.2929527],[127.0726797,37.292802],[127.0728747,37.2929022],[127.0729016,37.2928691],[127.0730927,37.2929673],[127.0730333,37.2930403],[127.0729852,37.2930156],[127.0729572,37.2930501],[127.0727534,37.2929453],[127.0727238,37.2929818],[127.0726595,37.2929488],[127.0726272,37.2929886],[127.0725573,37.2929527]]]},"properties":{"id":"way/538569537","building":"apartments","name":"3101","levels":21,"height":63,"heightSource":"levels"}},{"type":"Feature","id":"way/538569538","geometry":{"type":"Polygon","coordinates":[[[127.0727571,37.2933787],[127.0728846,37.2932242],[127.0731034,37.2933385],[127.0731319,37.293304],[127.0733489,37.2934174],[127.0733001,37.2934766],[127.0732383,37.2934443],[127.0732031,37.2934869],[127.0729914,37.2933763],[127.0729474,37.2934296],[127.07289,37.2933996],[127.072862,37.2934335],[127.0727571,37.2933787]]]},"properties":{"id":"way/538569538","building":"apartments","name":"3102","levels":26,"height":78,"heightSource":"levels"}},{"type":"Feature","id":"way/538569539","geometry":{"type":"Polygon","coordinates":[[[127.0734453,37.2933053],[127.0738133,37.2932387],[127.0738673,37.2931706],[127.0740808,37.2932778],[127.0739814,37.2934032],[127.0738346,37.2933295],[127.0734714,37.2933943],[127.0734453,37.2933053]]]},"properties":{"id":"way/538569539","building":"apartments","name":"3103","levels":null,"height":70,"heightSource":"estimated"}},{"type":"Feature","id":"way/542464267","geometry":{"type":"Polygon","coordinates":[[[127.058101,37.2877395],[127.0568755,37.2867069],[127.0573245,37.2863696],[127.05855,37.2874022],[127.058101,37.2877395]]]},"properties":{"id":"way/542464267","building":"apartments","name":"광교엘포트아이파크","levels":null,"height":70,"heightSource":"estimated"}},{"type":"Feature","id":"way/547241540","geometry":{"type":"Polygon","coordinates":[[[127.0601038,37.2892397],[127.0601296,37.2892293],[127.0601079,37.2891952],[127.0603373,37.2891028],[127.0603579,37.2891352],[127.0603856,37.289124],[127.0604359,37.2892029],[127.0603356,37.2892433],[127.0603474,37.2892618],[127.0602804,37.2892888],[127.0602667,37.2892673],[127.060151,37.2893139],[127.0601038,37.2892397]]]},"properties":{"id":"way/547241540","building":"apartments","name":null,"levels":25,"height":75,"heightSource":"levels"}},{"type":"Feature","id":"way/547241546","geometry":{"type":"Polygon","coordinates":[[[127.05944,37.2886597],[127.059477,37.288647],[127.059462,37.2886193],[127.0597074,37.2885353],[127.0597243,37.2885664],[127.0597489,37.288558],[127.0597918,37.2886373],[127.0596921,37.2886714],[127.0597052,37.2886956],[127.0595997,37.2887317],[127.0595849,37.2887044],[127.059483,37.2887392],[127.05944,37.2886597]]]},"properties":{"id":"way/547241546","building":"apartments","name":null,"levels":25,"height":75,"heightSource":"levels"}},{"type":"Feature","id":"way/547241547","geometry":{"type":"Polygon","coordinates":[[[127.0593233,37.2891126],[127.0593588,37.2890987],[127.0593438,37.2890743],[127.0594606,37.2890287],[127.0594729,37.2890486],[127.0596452,37.2889813],[127.059699,37.2890684],[127.0596323,37.2890945],[127.0596984,37.2892016],[127.0595828,37.2892468],[127.0595179,37.2891416],[127.0593755,37.2891972],[127.0593233,37.2891126]]]},"properties":{"id":"way/547241547","building":"apartments","name":null,"levels":25,"height":75,"heightSource":"levels"}},{"type":"Feature","id":"way/579330922","geometry":{"type":"Polygon","coordinates":[[[127.0618162,37.2870164],[127.0617728,37.2869009],[127.0618297,37.2868874],[127.0618236,37.2868711],[127.0620418,37.2868192],[127.0620751,37.286707],[127.0623046,37.2867502],[127.0622752,37.2868491],[127.0624482,37.2869769],[127.0624334,37.2869896],[127.0624823,37.2870258],[127.0623702,37.2871219],[127.0622061,37.2870007],[127.0622285,37.2869815],[127.062133,37.286911],[127.0620155,37.2869389],[127.0620259,37.2869665],[127.0618162,37.2870164]]]},"properties":{"id":"way/579330922","building":"apartments","name":null,"levels":35,"height":105,"heightSource":"levels"}},{"type":"Feature","id":"way/579330923","geometry":{"type":"Polygon","coordinates":[[[127.0627329,37.287134],[127.0626452,37.2870358],[127.0626936,37.2870084],[127.0626812,37.2869946],[127.0628669,37.2868896],[127.0628532,37.2867749],[127.0630879,37.2867571],[127.0631,37.2868583],[127.0633155,37.2869351],[127.0633066,37.2869509],[127.0633675,37.2869727],[127.0633001,37.2870924],[127.0630958,37.2870195],[127.0631093,37.2869956],[127.0629903,37.2869532],[127.0628903,37.2870097],[127.0629113,37.2870332],[127.0627329,37.287134]]]},"properties":{"id":"way/579330923","building":"apartments","name":null,"levels":40,"height":120,"heightSource":"levels"}},{"type":"Feature","id":"way/579330924","geometry":{"type":"Polygon","coordinates":[[[127.0621475,37.287272],[127.0618864,37.2872117],[127.0619138,37.2871367],[127.0621749,37.287197],[127.0621475,37.287272]]]},"properties":{"id":"way/579330924","building":"commercial","name":null,"levels":1,"height":3,"heightSource":"levels"}},{"type":"Feature","id":"way/587853175","geometry":{"type":"Polygon","coordinates":[[[127.06529,37.2749839],[127.0653389,37.274858],[127.0653577,37.2748617],[127.0653771,37.2748612],[127.0653966,37.2748559],[127.0654147,37.2748457],[127.0654268,37.2748303],[127.065585,37.2748745],[127.0655193,37.2750496],[127.06529,37.2749839]]]},"properties":{"id":"way/587853175","building":"yes","name":null,"levels":null,"height":12,"heightSource":"estimated"}},{"type":"Feature","id":"way/587853176","geometry":{"type":"Polygon","coordinates":[[[127.0637822,37.2752526],[127.0638483,37.2750647],[127.0637801,37.2750495],[127.0637574,37.2751139],[127.0635008,37.2750568],[127.0635348,37.27496],[127.0635606,37.2749658],[127.0635853,37.2749713],[127.063563,37.2750348],[127.0636551,37.2750553],[127.0636984,37.2749322],[127.063852,37.2749664],[127.0640205,37.2750039],[127.0639221,37.2752838],[127.0637822,37.2752526]]]},"properties":{"id":"way/587853176","building":"yes","name":null,"levels":null,"height":12,"heightSource":"estimated"}},{"type":"Feature","id":"way/588995848","geometry":{"type":"Polygon","coordinates":[[[127.0644571,37.2823416],[127.064429,37.2819261],[127.0644584,37.2819101],[127.0644738,37.2819651],[127.0645304,37.2820002],[127.0645563,37.2822004],[127.0646274,37.2821977],[127.0646295,37.282339],[127.0644571,37.2823416]]]},"properties":{"id":"way/588995848","building":"commercial","name":null,"levels":null,"height":12,"heightSource":"estimated"}},{"type":"Feature","id":"way/589357583","geometry":{"type":"Polygon","coordinates":[[[127.0646587,37.282746],[127.0647983,37.2828733],[127.0648295,37.2829018],[127.064787,37.2829312],[127.0648098,37.282952],[127.0647916,37.2829647],[127.0647714,37.2829787],[127.0647466,37.282956],[127.0645331,37.2831042],[127.0643643,37.2829502],[127.0646587,37.282746]]]},"properties":{"id":"way/589357583","building":"yes","name":"광교물홍보관","levels":null,"height":12,"heightSource":"estimated"}},{"type":"Feature","id":"way/589620138","geometry":{"type":"Polygon","coordinates":[[[127.0620803,37.2877584],[127.0623014,37.2878096],[127.0622678,37.2879014],[127.0623874,37.288078],[127.0623223,37.2881088],[127.0622915,37.2880676],[127.0622384,37.2880927],[127.0622237,37.2880937],[127.0622116,37.2880916],[127.062174,37.2880489],[127.0621687,37.2880319],[127.0621794,37.2880169],[127.0622266,37.287991],[127.0621923,37.287935],[127.0620886,37.2879114],[127.0620218,37.2879485],[127.0620572,37.2879921],[127.0619832,37.2880302],[127.0619469,37.2879856],[127.0618782,37.2880209],[127.0618331,37.2879632],[127.061983,37.2878844],[127.0620465,37.287851],[127.0620747,37.2877737],[127.0620803,37.2877584]]]},"properties":{"id":"way/589620138","building":"apartments","name":null,"levels":null,"height":70,"heightSource":"estimated"}},{"type":"Feature","id":"way/589620143","geometry":{"type":"Polygon","coordinates":[[[127.0628169,37.2881116],[127.0627521,37.2881466],[127.0627768,37.2881878],[127.0627768,37.288205],[127.0627615,37.2882177],[127.0627022,37.2882398],[127.0626904,37.2882369],[127.0626783,37.2882301],[127.0626479,37.2881873],[127.0625955,37.2882109],[127.0625582,37.2881584],[127.0627724,37.2880526],[127.0628007,37.2879596],[127.0630245,37.2880028],[127.0629959,37.2880965],[127.0631109,37.2882783],[127.0630356,37.2883105],[127.0629981,37.2882526],[127.0629387,37.288277],[127.0628983,37.2882146],[127.0629563,37.2881908],[127.0629216,37.2881322],[127.0628169,37.2881116]]]},"properties":{"id":"way/589620143","building":"apartments","name":null,"levels":null,"height":70,"heightSource":"estimated"}},{"type":"Feature","id":"way/593322218","geometry":{"type":"Polygon","coordinates":[[[127.0639381,37.2882639],[127.0638487,37.2883],[127.0637786,37.2881901],[127.0638835,37.2881477],[127.0639128,37.2881933],[127.0638994,37.2881997],[127.0639381,37.2882639]]]},"properties":{"id":"way/593322218","building":"apartments","name":null,"levels":19,"height":57,"heightSource":"levels"}},{"type":"Feature","id":"way/668456669","geometry":{"type":"Polygon","coordinates":[[[127.052871,37.2838798],[127.0528911,37.2838879],[127.052896,37.2838802],[127.0529452,37.2839001],[127.0529403,37.2839078],[127.0530097,37.2839359],[127.0530132,37.2839304],[127.0530636,37.2839508],[127.0530561,37.2839625],[127.0530675,37.2839671],[127.0530305,37.2840249],[127.0530191,37.2840203],[127.0529875,37.2840698],[127.052937,37.2840494],[127.0529228,37.2840716],[127.0528984,37.2840618],[127.0528375,37.2841573],[127.0527252,37.2841119],[127.0527875,37.2840142],[127.0527937,37.2840167],[127.0528433,37.283939],[127.0528353,37.2839357],[127.052871,37.2838798]]]},"properties":{"id":"way/668456669","building":"apartments","name":"5001","levels":20,"height":60,"heightSource":"levels"}},{"type":"Feature","id":"way/668456671","geometry":{"type":"Polygon","coordinates":[[[127.0528795,37.2834711],[127.0528996,37.2834793],[127.0529045,37.2834715],[127.0529537,37.2834914],[127.0529488,37.2834992],[127.0530182,37.2835272],[127.0530217,37.2835217],[127.0530721,37.2835421],[127.0530646,37.2835539],[127.053076,37.2835584],[127.053039,37.2836163],[127.0530276,37.2836117],[127.052996,37.2836612],[127.0529455,37.2836408],[127.0529313,37.283663],[127.0529069,37.2836531],[127.052846,37.2837487],[127.0527337,37.2837033],[127.052796,37.2836056],[127.0528022,37.2836081],[127.0528518,37.2835303],[127.0528438,37.2835271],[127.0528795,37.2834711]]]},"properties":{"id":"way/668456671","building":"apartments","name":"5002","levels":20,"height":60,"heightSource":"levels"}},{"type":"Feature","id":"way/690379842","geometry":{"type":"Polygon","coordinates":[[[127.0668423,37.2897887],[127.0671697,37.2892595],[127.067546,37.2894069],[127.0674953,37.2894889],[127.0682265,37.2897751],[127.0680507,37.2900593],[127.0680853,37.2900728],[127.0679642,37.2902685],[127.0676943,37.2901628],[127.0678548,37.2899033],[127.067241,37.289663],[127.0671007,37.2898899],[127.0668423,37.2897887]]]},"properties":{"id":"way/690379842","building":"yes","name":"수원고지검청사","levels":20,"height":60,"heightSource":"levels"}},{"type":"Feature","id":"way/690379843","geometry":{"type":"Polygon","coordinates":[[[127.0687148,37.2906726],[127.0684685,37.2905739],[127.0688226,37.2900149],[127.0691921,37.2901933],[127.0695985,37.2903654],[127.0696905,37.2902201],[127.0700523,37.2903095],[127.0695615,37.2910841],[127.069191,37.2909355],[127.0694373,37.2905467],[127.0689248,37.2903412],[127.0687148,37.2906726]]]},"properties":{"id":"way/690379843","building":"yes","name":"수원법원종합청사","levels":19,"height":57,"heightSource":"levels"}},{"type":"Feature","id":"way/702003222","geometry":{"type":"Polygon","coordinates":[[[127.0598406,37.2787771],[127.0599238,37.2787981],[127.0598367,37.2790168],[127.0597534,37.2789958],[127.0598406,37.2787771]]]},"properties":{"id":"way/702003222","building":"apartments","name":"1110","levels":2,"height":6,"heightSource":"levels"}},{"type":"Feature","id":"way/702003223","geometry":{"type":"Polygon","coordinates":[[[127.0599277,37.2784601],[127.0600042,37.2784728],[127.0599261,37.2787727],[127.0598496,37.2787601],[127.0599277,37.2784601]]]},"properties":{"id":"way/702003223","building":"apartments","name":"1109","levels":2,"height":6,"heightSource":"levels"}},{"type":"Feature","id":"way/702003224","geometry":{"type":"Polygon","coordinates":[[[127.0599666,37.2781336],[127.0600399,37.2781382],[127.0600104,37.2784391],[127.0599371,37.2784345],[127.0599666,37.2781336]]]},"properties":{"id":"way/702003224","building":"apartments","name":"1108","levels":2,"height":6,"heightSource":"levels"}},{"type":"Feature","id":"way/702003225","geometry":{"type":"Polygon","coordinates":[[[127.0599666,37.2779575],[127.0600444,37.2779575],[127.0600444,37.2781155],[127.0599666,37.2781155],[127.0599666,37.2779575]]]},"properties":{"id":"way/702003225","building":"apartments","name":"1107","levels":2,"height":6,"heightSource":"levels"}},{"type":"Feature","id":"way/702003226","geometry":{"type":"Polygon","coordinates":[[[127.0599934,37.2776171],[127.0600659,37.2776171],[127.0600659,37.2777718],[127.0599934,37.2777718],[127.0599934,37.2776171]]]},"properties":{"id":"way/702003226","building":"apartments","name":"1106","levels":2,"height":6,"heightSource":"levels"}},{"type":"Feature","id":"way/702003227","geometry":{"type":"Polygon","coordinates":[[[127.0599908,37.2773023],[127.0600632,37.2773023],[127.0600632,37.2776054],[127.0599908,37.2776054],[127.0599908,37.2773023]]]},"properties":{"id":"way/702003227","building":"apartments","name":"1105","levels":2,"height":6,"heightSource":"levels"}},{"type":"Feature","id":"way/702003228","geometry":{"type":"Polygon","coordinates":[[[127.0599921,37.2772831],[127.0600471,37.2769864],[127.0601191,37.2769949],[127.0600641,37.2772916],[127.0599921,37.2772831]]]},"properties":{"id":"way/702003228","building":"apartments","name":"1104","levels":2,"height":6,"heightSource":"levels"}},{"type":"Feature","id":"way/702003229","geometry":{"type":"Polygon","coordinates":[[[127.0601343,37.2766748],[127.060204,37.2766866],[127.0601256,37.2769815],[127.0600559,37.2769698],[127.0601343,37.2766748]]]},"properties":{"id":"way/702003229","building":"apartments","name":"1103","levels":2,"height":6,"heightSource":"levels"}},{"type":"Feature","id":"way/702003230","geometry":{"type":"Polygon","coordinates":[[[127.0602737,37.2763643],[127.0603409,37.2763834],[127.0602134,37.2766672],[127.0601463,37.2766482],[127.0602737,37.2763643]]]},"properties":{"id":"way/702003230","building":"apartments","name":"1102","levels":2,"height":6,"heightSource":"levels"}},{"type":"Feature","id":"way/702003231","geometry":{"type":"Polygon","coordinates":[[[127.0602818,37.276344],[127.0603676,37.2760463],[127.0604491,37.2760579],[127.0604335,37.2761568],[127.0603747,37.276361],[127.0602818,37.276344]]]},"properties":{"id":"way/702003231","building":"apartments","name":"1101","levels":2,"height":6,"heightSource":"levels"}},{"type":"Feature","id":"way/702003232","geometry":{"type":"Polygon","coordinates":[[[127.0590567,37.2775984],[127.0589684,37.2778999],[127.058827,37.2778737],[127.0589153,37.2775722],[127.0590567,37.2775984]]]},"properties":{"id":"way/702003232","building":"apartments","name":"1128","levels":2,"height":6,"heightSource":"levels"}},{"type":"Feature","id":"way/702003233","geometry":{"type":"Polygon","coordinates":[[[127.0591023,37.2774288],[127.0590599,37.2775734],[127.0589185,37.2775472],[127.0589609,37.2774025],[127.0591023,37.2774288]]]},"properties":{"id":"way/702003233","building":"apartments","name":"1127","levels":2,"height":6,"heightSource":"levels"}},{"type":"Feature","id":"way/702003234","geometry":{"type":"Polygon","coordinates":[[[127.0591579,37.2772287],[127.0591156,37.2773733],[127.0589742,37.2773471],[127.0590166,37.2772025],[127.0591579,37.2772287]]]},"properties":{"id":"way/702003234","building":"apartments","name":"1126","levels":2,"height":6,"heightSource":"levels"}},{"type":"Feature","id":"way/702003235","geometry":{"type":"Polygon","coordinates":[[[127.0592489,37.2769288],[127.0592183,37.2770331],[127.0591666,37.2772098],[127.0590211,37.2771828],[127.0591035,37.2769018],[127.0592489,37.2769288]]]},"properties":{"id":"way/702003235","building":"apartments","name":"1125","levels":2,"height":6,"heightSource":"levels"}},{"type":"Feature","id":"way/702003236","geometry":{"type":"Polygon","coordinates":[[[127.059343,37.2766161],[127.0592552,37.276916],[127.0591056,37.2768883],[127.0591935,37.2765884],[127.059343,37.2766161]]]},"properties":{"id":"way/702003236","building":"apartments","name":"1124","levels":2,"height":6,"heightSource":"levels"}},{"type":"Feature","id":"way/702003237","geometry":{"type":"Polygon","coordinates":[[[127.0587533,37.2773118],[127.0588268,37.2770755],[127.0589992,37.2771095],[127.0589257,37.2773458],[127.0587533,37.2773118]]]},"properties":{"id":"way/702003237","building":"apartments","name":"1122","levels":4,"height":12,"heightSource":"levels"}},{"type":"Feature","id":"way/702003238","geometry":{"type":"Polygon","coordinates":[[[127.0588401,37.2770222],[127.0589755,37.27656],[127.0591485,37.2765921],[127.0590131,37.2770543],[127.0588401,37.2770222]]]},"properties":{"id":"way/702003238","building":"apartments","name":"1123","levels":4,"height":12,"heightSource":"levels"}},{"type":"Feature","id":"way/702003239","geometry":{"type":"Polygon","coordinates":[[[127.0585952,37.277822],[127.0587385,37.2773614],[127.0589109,37.2773953],[127.0587676,37.277856],[127.0585952,37.277822]]]},"properties":{"id":"way/702003239","building":"apartments","name":"1121","levels":4,"height":12,"heightSource":"levels"}},{"type":"Feature","id":"way/702003240","geometry":{"type":"Polygon","coordinates":[[[127.0582527,37.2781032],[127.0585569,37.2779783],[127.0586282,37.2780888],[127.0583612,37.2781994],[127.0582031,37.2784079],[127.0580663,37.2783396],[127.0582527,37.2781032]]]},"properties":{"id":"way/702003240","building":"apartments","name":"1120","levels":4,"height":12,"heightSource":"levels"}},{"type":"Feature","id":"way/702003241","geometry":{"type":"Polygon","coordinates":[[[127.0580797,37.278521],[127.0582607,37.2784409],[127.058412,37.2786576],[127.0582309,37.2787376],[127.0580797,37.278521]]]},"properties":{"id":"way/702003241","building":"apartments","name":"1119","levels":4,"height":12,"heightSource":"levels"}},{"type":"Feature","id":"way/702003242","geometry":{"type":"Polygon","coordinates":[[[127.0584123,37.2788241],[127.0584404,37.2786768],[127.059056,37.2787514],[127.0590279,37.2788986],[127.0584123,37.2788241]]]},"properties":{"id":"way/702003242","building":"apartments","name":"1118","levels":4,"height":12,"heightSource":"levels"}},{"type":"Feature","id":"way/702003243","geometry":{"type":"Polygon","coordinates":[[[127.0590788,37.2789094],[127.059107,37.2787621],[127.0597226,37.2788367],[127.0596944,37.2789839],[127.0590788,37.2789094]]]},"properties":{"id":"way/702003243","building":"apartments","name":"1117","levels":4,"height":12,"heightSource":"levels"}},{"type":"Feature","id":"way/702003244","geometry":{"type":"Polygon","coordinates":[[[127.0593773,37.2783928],[127.0598452,37.278431],[127.0598113,37.2786939],[127.0596317,37.2786793],[127.0596495,37.2785412],[127.0593612,37.2785177],[127.0593773,37.2783928]]]},"properties":{"id":"way/702003244","building":"apartments","name":"1116","levels":4,"height":12,"heightSource":"levels"}},{"type":"Feature","id":"way/702003245","geometry":{"type":"Polygon","coordinates":[[[127.0594361,37.2780037],[127.0599064,37.2779983],[127.0599112,37.2782626],[127.0597307,37.2782647],[127.0597282,37.2781259],[127.0594383,37.2781292],[127.0594361,37.2780037]]]},"properties":{"id":"way/702003245","building":"apartments","name":"1115","levels":4,"height":12,"heightSource":"levels"}},{"type":"Feature","id":"way/702003246","geometry":{"type":"Polygon","coordinates":[[[127.0594494,37.2776528],[127.0594534,37.2775632],[127.059456,37.2775044],[127.0599264,37.2775176],[127.0599147,37.2777821],[127.0597455,37.2777774],[127.0597507,37.2776612],[127.0594494,37.2776528]]]},"properties":{"id":"way/702003246","building":"apartments","name":"1114","levels":4,"height":12,"heightSource":"levels"}},{"type":"Feature","id":"way/702003247","geometry":{"type":"Polygon","coordinates":[[[127.0594838,37.2770547],[127.0599518,37.2770929],[127.0599179,37.2773558],[127.0597383,37.2773412],[127.0597561,37.2772031],[127.0594677,37.2771796],[127.0594838,37.2770547]]]},"properties":{"id":"way/702003247","building":"apartments","name":"1113","levels":4,"height":12,"heightSource":"levels"}},{"type":"Feature","id":"way/702003248","geometry":{"type":"Polygon","coordinates":[[[127.059575,37.2767218],[127.0596099,37.2765927],[127.0600709,37.2766715],[127.0599993,37.2769367],[127.0598233,37.2769066],[127.05986,37.2767705],[127.059575,37.2767218]]]},"properties":{"id":"way/702003248","building":"apartments","name":"1112","levels":4,"height":12,"heightSource":"levels"}},{"type":"Feature","id":"way/702003249","geometry":{"type":"Polygon","coordinates":[[[127.0598768,37.2763248],[127.0599318,37.2761957],[127.0602361,37.2762777],[127.0601317,37.2765231],[127.0599675,37.2764788],[127.060017,37.2763626],[127.0598768,37.2763248]]]},"properties":{"id":"way/702003249","building":"apartments","name":"1111","levels":4,"height":12,"heightSource":"levels"}},{"type":"Feature","id":"way/704897646","geometry":{"type":"Polygon","coordinates":[[[127.0643436,37.2849135],[127.0644626,37.2848861],[127.0645234,37.2850536],[127.0647355,37.2851023],[127.0647004,37.2851988],[127.06449,37.2851504],[127.0643389,37.2852814],[127.0642498,37.2852163],[127.0644048,37.2850819],[127.0643436,37.2849135]]]},"properties":{"id":"way/704897646","building":"yes","name":null,"levels":null,"height":12,"heightSource":"estimated"}},{"type":"Feature","id":"way/704897647","geometry":{"type":"Polygon","coordinates":[[[127.0649475,37.2865309],[127.0650697,37.2865464],[127.0650352,37.2867185],[127.065201,37.2868344],[127.0651177,37.2869098],[127.0649531,37.2867948],[127.0647463,37.2868622],[127.0647005,37.286773],[127.0649127,37.2867039],[127.0649475,37.2865309]]]},"properties":{"id":"way/704897647","building":"yes","name":null,"levels":null,"height":12,"heightSource":"estimated"}},{"type":"Feature","id":"way/704897648","geometry":{"type":"Polygon","coordinates":[[[127.0645757,37.2857727],[127.0647019,37.2857734],[127.0646997,37.2859512],[127.0650435,37.2861074],[127.0649786,37.2861971],[127.06485,37.2861381],[127.0648179,37.2861825],[127.0647133,37.2861346],[127.0647487,37.2860857],[127.0646319,37.2860322],[127.064445,37.2861133],[127.0643848,37.2860255],[127.0645742,37.2859451],[127.0645757,37.2857727]]]},"properties":{"id":"way/704897648","building":"yes","name":null,"levels":null,"height":12,"heightSource":"estimated"}},{"type":"Feature","id":"way/704897649","geometry":{"type":"Polygon","coordinates":[[[127.0653844,37.2847952],[127.0653863,37.2849508],[127.0653922,37.284959],[127.0655972,37.2850474],[127.0655373,37.2851354],[127.0653501,37.2850547],[127.0652335,37.2851084],[127.065269,37.2851572],[127.0651646,37.2852053],[127.0651324,37.285161],[127.0650039,37.2852202],[127.0649388,37.2851307],[127.0652821,37.2849738],[127.0652814,37.2849598],[127.0652565,37.28496],[127.0652546,37.2847962],[127.0653844,37.2847952]]]},"properties":{"id":"way/704897649","building":"yes","name":null,"levels":null,"height":12,"heightSource":"estimated"}},{"type":"Feature","id":"way/704897650","geometry":{"type":"Polygon","coordinates":[[[127.065764,37.2840248],[127.0657658,37.2841805],[127.0657717,37.2841886],[127.0659768,37.284277],[127.0659168,37.284365],[127.0657297,37.2842843],[127.065613,37.284338],[127.0656486,37.2843868],[127.0655441,37.2844349],[127.0655119,37.2843906],[127.0653835,37.2844498],[127.0653183,37.2843603],[127.0656616,37.2842034],[127.065661,37.2841895],[127.0656361,37.2841896],[127.0656341,37.2840258],[127.065764,37.2840248]]]},"properties":{"id":"way/704897650","building":"yes","name":null,"levels":null,"height":12,"heightSource":"estimated"}},{"type":"Feature","id":"way/704897651","geometry":{"type":"Polygon","coordinates":[[[127.0647213,37.2839327],[127.0647231,37.2840884],[127.064729,37.2840966],[127.0649341,37.284185],[127.0648741,37.284273],[127.064687,37.2841923],[127.0645703,37.284246],[127.0646059,37.2842948],[127.0645014,37.2843429],[127.0644692,37.2842986],[127.0643408,37.2843578],[127.0642756,37.2842682],[127.0646189,37.2841114],[127.0646183,37.2840974],[127.0645934,37.2840976],[127.0645914,37.2839337],[127.0647213,37.2839327]]]},"properties":{"id":"way/704897651","building":"yes","name":null,"levels":null,"height":12,"heightSource":"estimated"}},{"type":"Feature","id":"way/704909522","geometry":{"type":"Polygon","coordinates":[[[127.0587426,37.2799717],[127.0589493,37.2800066],[127.0591003,37.2800701],[127.0590493,37.2802614],[127.0581132,37.2801035],[127.0581739,37.2798757],[127.0585088,37.2799322],[127.0585491,37.2797812],[127.0582902,37.2797385],[127.0583316,37.2795832],[127.0588287,37.2796671],[127.0589129,37.2795087],[127.0584564,37.2793551],[127.05853,37.2792165],[127.0587182,37.2792798],[127.0587278,37.2792618],[127.0589471,37.2793356],[127.058958,37.2793153],[127.0591593,37.279383],[127.059001,37.2796681],[127.0588751,37.279835],[127.0587831,37.2798198],[127.0587426,37.2799717]]]},"properties":{"id":"way/704909522","building":"school","name":null,"levels":4,"height":12,"heightSource":"levels"}},{"type":"Feature","id":"way/705499873","geometry":{"type":"Polygon","coordinates":[[[127.0540656,37.2853654],[127.0541938,37.2851792],[127.0541676,37.2851678],[127.054204,37.2851149],[127.0544289,37.2852129],[127.0544509,37.2851809],[127.0545219,37.2852118],[127.0544202,37.2853597],[127.0544471,37.2853714],[127.0544374,37.2853856],[127.0544704,37.2854],[127.0544643,37.2854089],[127.0544823,37.2854167],[127.0544484,37.285466],[127.0544056,37.2854474],[127.0543977,37.285459],[127.0543187,37.2854246],[127.0543221,37.2854197],[127.0542163,37.2853736],[127.0541858,37.2854178],[127.0540656,37.2853654]]]},"properties":{"id":"way/705499873","building":"apartments","name":"5301","levels":34,"height":102,"heightSource":"levels"}},{"type":"Feature","id":"way/705499874","geometry":{"type":"Polygon","coordinates":[[[127.0546857,37.285187],[127.0547493,37.2850946],[127.0547714,37.2851043],[127.054796,37.2850685],[127.0548174,37.2850778],[127.0548594,37.2850167],[127.0548159,37.2849978],[127.0548629,37.2849296],[127.0549654,37.2849743],[127.0549513,37.2849947],[127.0549748,37.285005],[127.0549687,37.2850139],[127.0550606,37.285054],[127.0550809,37.2850246],[127.0551616,37.2850598],[127.055075,37.2851856],[127.0551022,37.2851974],[127.0550844,37.2852233],[127.0551242,37.2852406],[127.0551162,37.2852522],[127.0551256,37.2852562],[127.055091,37.2853065],[127.0550511,37.2852891],[127.0550365,37.2853103],[127.0549532,37.285274],[127.0549624,37.2852606],[127.0548739,37.285222],[127.0548647,37.2852354],[127.0547959,37.2852054],[127.0547802,37.2852282],[127.0546857,37.285187]]]},"properties":{"id":"way/705499874","building":"apartments","name":"5302","levels":33,"height":99,"heightSource":"levels"}},{"type":"Feature","id":"way/705499875","geometry":{"type":"Polygon","coordinates":[[[127.0540734,37.2845319],[127.0542016,37.2843457],[127.0541754,37.2843342],[127.0542118,37.2842813],[127.0544367,37.2843794],[127.0544587,37.2843474],[127.0545298,37.2843783],[127.054428,37.2845262],[127.0544549,37.2845379],[127.0544452,37.2845521],[127.0544782,37.2845665],[127.0544721,37.2845754],[127.0544901,37.2845832],[127.0544562,37.2846325],[127.0544135,37.2846139],[127.0544055,37.2846255],[127.0543265,37.2845911],[127.0543299,37.2845862],[127.0542241,37.2845401],[127.0541936,37.2845843],[127.0540734,37.2845319]]]},"properties":{"id":"way/705499875","building":"apartments","name":"5303","levels":33,"height":99,"heightSource":"levels"}},{"type":"Feature","id":"way/706550954","geometry":{"type":"Polygon","coordinates":[[[127.0607714,37.2746448],[127.0605086,37.2745231],[127.0605623,37.2744497],[127.0606507,37.2744906],[127.0606641,37.2744722],[127.0607475,37.2745108],[127.0607341,37.2745291],[127.0608287,37.2745729],[127.0609084,37.2744638],[127.0608819,37.2744516],[127.0609282,37.2743883],[127.0609546,37.2744006],[127.0609967,37.274343],[127.0610903,37.2743863],[127.0609405,37.2745913],[127.060991,37.2746896],[127.0608226,37.2747444],[127.0607714,37.2746448]]]},"properties":{"id":"way/706550954","building":"apartments","name":null,"levels":26,"height":78,"heightSource":"levels"}},{"type":"Feature","id":"way/706550955","geometry":{"type":"Polygon","coordinates":[[[127.062637,37.2743844],[127.0623743,37.2742628],[127.062428,37.2741893],[127.0625163,37.2742302],[127.0625298,37.2742118],[127.0626131,37.2742504],[127.0625997,37.2742688],[127.0626943,37.2743126],[127.062774,37.2742035],[127.0627475,37.2741912],[127.0627938,37.274128],[127.0628202,37.2741402],[127.0628623,37.2740827],[127.0629559,37.274126],[127.0628061,37.2743309],[127.0628566,37.2744293],[127.0626882,37.2744841],[127.062637,37.2743844]]]},"properties":{"id":"way/706550955","building":"apartments","name":null,"levels":26,"height":78,"heightSource":"levels"}},{"type":"Feature","id":"way/706550956","geometry":{"type":"Polygon","coordinates":[[[127.0616319,37.274036],[127.0621335,37.2742643],[127.0620505,37.2743798],[127.0620024,37.2743579],[127.0619733,37.2743984],[127.0618879,37.2743595],[127.0619349,37.2742942],[127.0617244,37.2741984],[127.0616774,37.2742637],[127.0616408,37.274247],[127.0615772,37.2743354],[127.061469,37.2742862],[127.0615639,37.2741542],[127.0615511,37.2741484],[127.0616319,37.274036]]]},"properties":{"id":"way/706550956","building":"apartments","name":null,"levels":43,"height":129,"heightSource":"levels"}},{"type":"Feature","id":"way/706550957","geometry":{"type":"Polygon","coordinates":[[[127.0614338,37.2733901],[127.0619354,37.2736185],[127.0618523,37.2737339],[127.0618042,37.273712],[127.0617751,37.2737525],[127.0616898,37.2737137],[127.0617367,37.2736484],[127.0615262,37.2735525],[127.0614793,37.2736178],[127.0614427,37.2736011],[127.061379,37.2736896],[127.0612709,37.2736403],[127.0613658,37.2735083],[127.061353,37.2735025],[127.0614338,37.2733901]]]},"properties":{"id":"way/706550957","building":"apartments","name":null,"levels":49,"height":147,"heightSource":"levels"}},{"type":"Feature","id":"way/706550958","geometry":{"type":"Polygon","coordinates":[[[127.0603153,37.2741243],[127.0605815,37.2737558],[127.0608973,37.2739002],[127.0608425,37.2739762],[127.0606358,37.2738817],[127.0605544,37.2739944],[127.0605337,37.2739849],[127.0605139,37.2740123],[127.0605999,37.2740516],[127.0605574,37.2741105],[127.0604714,37.2740712],[127.0604567,37.2740915],[127.0604775,37.2741009],[127.0604245,37.2741742],[127.0603153,37.2741243]]]},"properties":{"id":"way/706550958","building":"apartments","name":null,"levels":49,"height":147,"heightSource":"levels"}},{"type":"Feature","id":"way/706550959","geometry":{"type":"Polygon","coordinates":[[[127.0601749,37.2735303],[127.0604416,37.2731609],[127.0607635,37.2733081],[127.0607078,37.2733851],[127.0604994,37.2732898],[127.0604127,37.2734099],[127.0603931,37.2734009],[127.0603772,37.273423],[127.0604583,37.27346],[127.060412,37.2735241],[127.0603309,37.273487],[127.0603174,37.2735057],[127.060337,37.2735147],[127.0602883,37.2735821],[127.0602732,37.2735752],[127.0602357,37.2736272],[127.0601589,37.273592],[127.0601964,37.2735401],[127.0601749,37.2735303]]]},"properties":{"id":"way/706550959","building":"apartments","name":null,"levels":45,"height":135,"heightSource":"levels"}},{"type":"Feature","id":"way/706550960","geometry":{"type":"Polygon","coordinates":[[[127.0611277,37.2729231],[127.0616156,37.2731409],[127.0615587,37.2732216],[127.0614656,37.27318],[127.061475,37.2731667],[127.0614493,37.2731552],[127.061401,37.2732237],[127.061322,37.2731884],[127.0613702,37.2731199],[127.0613438,37.2731082],[127.0613345,37.2731214],[127.0611761,37.2730508],[127.0610579,37.2732185],[127.0609525,37.2731715],[127.0611277,37.2729231]]]},"properties":{"id":"way/706550960","building":"apartments","name":null,"levels":44,"height":132,"heightSource":"levels"}},{"type":"Feature","id":"way/710685678","geometry":{"type":"Polygon","coordinates":[[[127.05346,37.2833741],[127.0534806,37.2833815],[127.0534851,37.2833736],[127.0535354,37.2833915],[127.053531,37.2833994],[127.053602,37.2834247],[127.0536052,37.2834191],[127.0536568,37.2834375],[127.05365,37.2834495],[127.0536616,37.2834537],[127.0536283,37.2835129],[127.0536166,37.2835087],[127.0535881,37.2835594],[127.0535364,37.283541],[127.0535236,37.2835637],[127.0534986,37.2835548],[127.0534437,37.2836527],[127.0533287,37.2836117],[127.0533849,37.2835116],[127.0533913,37.2835139],[127.0534361,37.2834344],[127.0534278,37.2834314],[127.05346,37.2833741]]]},"properties":{"id":"way/710685678","building":"apartments","name":"5003","levels":20,"height":60,"heightSource":"levels"}},{"type":"Feature","id":"way/727732867","geometry":{"type":"Polygon","coordinates":[[[127.0785971,37.292403],[127.0784129,37.2921862],[127.0784949,37.2921421],[127.0786791,37.292359],[127.0785971,37.292403]]]},"properties":{"id":"way/727732867","building":"yes","name":null,"levels":null,"height":12,"heightSource":"estimated"}},{"type":"Feature","id":"way/727830281","geometry":{"type":"Polygon","coordinates":[[[127.0772376,37.2846018],[127.0771643,37.2845281],[127.0775076,37.2843275],[127.0775655,37.2844102],[127.0772376,37.2846018]]]},"properties":{"id":"way/727830281","building":"yes","name":null,"levels":null,"height":12,"heightSource":"estimated"}},{"type":"Feature","id":"way/727830302","geometry":{"type":"Polygon","coordinates":[[[127.0665512,37.2810271],[127.066769,37.281035],[127.0667652,37.281124],[127.0668017,37.2811256],[127.0668349,37.281127],[127.066827,37.2812784],[127.0668221,37.2813706],[127.0662238,37.2813253],[127.0662235,37.2812207],[127.0662233,37.2811879],[127.0664104,37.2811949],[127.0664168,37.2811094],[127.0662629,37.2810614],[127.0662943,37.2810009],[127.0663174,37.2809562],[127.0665512,37.2810271]]]},"properties":{"id":"way/727830302","building":"yes","name":"광교푸른숲도서관","levels":null,"height":12,"heightSource":"estimated"}},{"type":"Feature","id":"way/755444073","geometry":{"type":"Polygon","coordinates":[[[127.0728183,37.278576],[127.0730008,37.2783694],[127.073193,37.2784769],[127.0730961,37.2785866],[127.0729973,37.2785314],[127.0729117,37.2786282],[127.0728183,37.278576]]]},"properties":{"id":"way/755444073","building":"apartments","name":null,"levels":null,"height":70,"heightSource":"estimated"}},{"type":"Feature","id":"way/755444074","geometry":{"type":"Polygon","coordinates":[[[127.0735048,37.2786171],[127.0736872,37.2784105],[127.0738795,37.278518],[127.0737826,37.2786277],[127.0736837,37.2785725],[127.0735982,37.2786694],[127.0735048,37.2786171]]]},"properties":{"id":"way/755444074","building":"apartments","name":null,"levels":null,"height":70,"heightSource":"estimated"}},{"type":"Feature","id":"way/755444075","geometry":{"type":"Polygon","coordinates":[[[127.0727974,37.2789503],[127.0729798,37.2787437],[127.0731721,37.2788512],[127.0730752,37.2789609],[127.0729764,37.2789057],[127.0728908,37.2790026],[127.0727974,37.2789503]]]},"properties":{"id":"way/755444075","building":"apartments","name":null,"levels":null,"height":70,"heightSource":"estimated"}},{"type":"Feature","id":"way/755444076","geometry":{"type":"Polygon","coordinates":[[[127.0719643,37.2785359],[127.0721446,37.278377],[127.0723634,37.2785341],[127.0722717,37.2786148],[127.0721745,37.278545],[127.0720857,37.2786231],[127.0719643,37.2785359]]]},"properties":{"id":"way/755444076","building":"apartments","name":null,"levels":null,"height":70,"heightSource":"estimated"}},{"type":"Feature","id":"way/755444077","geometry":{"type":"Polygon","coordinates":[[[127.0714486,37.2785294],[127.071637,37.2783766],[127.0718474,37.2785408],[127.0717517,37.2786184],[127.0716581,37.2785454],[127.0715654,37.2786206],[127.0714486,37.2785294]]]},"properties":{"id":"way/755444077","building":"apartments","name":null,"levels":null,"height":70,"heightSource":"estimated"}},{"type":"Feature","id":"way/755444078","geometry":{"type":"Polygon","coordinates":[[[127.072044,37.2790724],[127.0722028,37.2788852],[127.0722406,37.2789055],[127.0722718,37.2788687],[127.0725128,37.2789983],[127.0724087,37.2791209],[127.0722705,37.2790467],[127.0721845,37.2791479],[127.072044,37.2790724]]]},"properties":{"id":"way/755444078","building":"apartments","name":null,"levels":null,"height":70,"heightSource":"estimated"}},{"type":"Feature","id":"way/755444079","geometry":{"type":"Polygon","coordinates":[[[127.0714652,37.2792168],[127.071624,37.2790297],[127.0716617,37.27905],[127.071693,37.2790132],[127.071934,37.2791427],[127.0718299,37.2792654],[127.0716916,37.2791911],[127.0716057,37.2792923],[127.0714652,37.2792168]]]},"properties":{"id":"way/755444079","building":"apartments","name":null,"levels":null,"height":70,"heightSource":"estimated"}},{"type":"Feature","id":"way/755444080","geometry":{"type":"Polygon","coordinates":[[[127.0707763,37.278697],[127.0709587,37.2784904],[127.071151,37.2785979],[127.071054,37.2787076],[127.0709552,37.2786524],[127.0708696,37.2787492],[127.0707763,37.278697]]]},"properties":{"id":"way/755444080","building":"apartments","name":null,"levels":null,"height":70,"heightSource":"estimated"}},{"type":"Feature","id":"way/755444081","geometry":{"type":"Polygon","coordinates":[[[127.0706936,37.279103],[127.0708524,37.2789159],[127.0708901,37.2789362],[127.0709214,37.2788994],[127.0711624,37.2790289],[127.0710583,37.2791516],[127.07092,37.2790773],[127.0708341,37.2791785],[127.0706936,37.279103]]]},"properties":{"id":"way/755444081","building":"apartments","name":null,"levels":null,"height":70,"heightSource":"estimated"}},{"type":"Feature","id":"way/755446091","geometry":{"type":"Polygon","coordinates":[[[127.0776413,37.2801348],[127.0778063,37.2798857],[127.0781169,37.280016],[127.0780703,37.2800864],[127.0778589,37.2799978],[127.0777406,37.2801764],[127.0776413,37.2801348]]]},"properties":{"id":"way/755446091","building":"apartments","name":null,"levels":null,"height":70,"heightSource":"estimated"}},{"type":"Feature","id":"way/755446092","geometry":{"type":"Polygon","coordinates":[[[127.0770987,37.2802884],[127.0772637,37.2800394],[127.0775743,37.2801696],[127.0775276,37.2802401],[127.0773163,37.2801514],[127.0771979,37.28033],[127.0770987,37.2802884]]]},"properties":{"id":"way/755446092","building":"apartments","name":null,"levels":null,"height":70,"heightSource":"estimated"}},{"type":"Feature","id":"way/755446093","geometry":{"type":"Polygon","coordinates":[[[127.0762944,37.2812539],[127.0762235,37.2811089],[127.0765827,37.2809976],[127.0765474,37.2809254],[127.0769457,37.280802],[127.0769892,37.280891],[127.0765893,37.2810149],[127.0766217,37.2810811],[127.0763475,37.2811661],[127.0763778,37.281228],[127.0762944,37.2812539]]]},"properties":{"id":"way/755446093","building":"apartments","name":null,"levels":null,"height":70,"heightSource":"estimated"}},{"type":"Feature","id":"way/755446094","geometry":{"type":"Polygon","coordinates":[[[127.0762465,37.2806428],[127.0761722,37.2804901],[127.0769089,37.2802631],[127.0769531,37.2803539],[127.0763412,37.2805424],[127.0763714,37.2806044],[127.0762465,37.2806428]]]},"properties":{"id":"way/755446094","building":"apartments","name":null,"levels":null,"height":70,"heightSource":"estimated"}},{"type":"Feature","id":"way/755446096","geometry":{"type":"Polygon","coordinates":[[[127.0775402,37.2807943],[127.0778103,37.2804301],[127.0781514,37.2805903],[127.0780898,37.2806734],[127.0778544,37.2805629],[127.077646,37.280844],[127.0775402,37.2807943]]]},"properties":{"id":"way/755446096","building":"apartments","name":null,"levels":null,"height":70,"heightSource":"estimated"}},{"type":"Feature","id":"way/755446097","geometry":{"type":"Polygon","coordinates":[[[127.0776971,37.2811958],[127.0778657,37.2809782],[127.0781817,37.2811333],[127.0781346,37.2811941],[127.0779165,37.2810871],[127.0777949,37.2812439],[127.0776971,37.2811958]]]},"properties":{"id":"way/755446097","building":"apartments","name":null,"levels":null,"height":70,"heightSource":"estimated"}},{"type":"Feature","id":"way/755446099","geometry":{"type":"Polygon","coordinates":[[[127.0783673,37.2811576],[127.078286,37.2811188],[127.0784527,37.2808697],[127.0784954,37.2808212],[127.0788979,37.2806918],[127.0789284,37.2807662],[127.0785625,37.280894],[127.0783673,37.2811576]]]},"properties":{"id":"way/755446099","building":"apartments","name":null,"levels":null,"height":70,"heightSource":"estimated"}},{"type":"Feature","id":"way/755446100","geometry":{"type":"Polygon","coordinates":[[[127.0783226,37.2804135],[127.0782793,37.2803235],[127.0788093,37.2801621],[127.0789187,37.2803897],[127.0787978,37.2804266],[127.0787316,37.2802889],[127.0783226,37.2804135]]]},"properties":{"id":"way/755446100","building":"apartments","name":null,"levels":null,"height":70,"heightSource":"estimated"}},{"type":"Feature","id":"way/755446101","geometry":{"type":"Polygon","coordinates":[[[127.0768137,37.2814433],[127.0767739,37.2813548],[127.0775717,37.2811281],[127.0776114,37.2812167],[127.0768137,37.2814433]]]},"properties":{"id":"way/755446101","building":"apartments","name":null,"levels":null,"height":70,"heightSource":"estimated"}},{"type":"Feature","id":"way/755446103","geometry":{"type":"Polygon","coordinates":[[[127.0742492,37.2790973],[127.0742654,37.2789924],[127.0744508,37.2790159],[127.0744856,37.2789729],[127.0744572,37.2789514],[127.0744983,37.2789098],[127.0747168,37.2790681],[127.0746735,37.2791086],[127.074644,37.2790861],[127.0745986,37.2791222],[127.0746128,37.2792613],[127.0744795,37.27927],[127.0744684,37.2791671],[127.0745227,37.2791647],[127.0745194,37.2791276],[127.0744473,37.279079],[127.0743932,37.2790719],[127.0743843,37.2791137],[127.0742492,37.2790973]]]},"properties":{"id":"way/755446103","building":"apartments","name":null,"levels":null,"height":70,"heightSource":"estimated"}},{"type":"Feature","id":"way/755446104","geometry":{"type":"Polygon","coordinates":[[[127.0734653,37.279493],[127.0734295,37.2793912],[127.073612,37.2793561],[127.0736233,37.2793057],[127.0735867,37.2792946],[127.0736044,37.2792436],[127.0738827,37.2793227],[127.0738623,37.2793733],[127.0738243,37.2793616],[127.0737999,37.2794089],[127.0738803,37.2795328],[127.0737615,37.2795817],[127.0737015,37.2794901],[127.0737504,37.2794713],[127.0737293,37.2794381],[127.0736393,37.2794153],[127.0735859,37.2794254],[127.073598,37.2794667],[127.0734653,37.279493]]]},"properties":{"id":"way/755446104","building":"apartments","name":null,"levels":null,"height":70,"heightSource":"estimated"}},{"type":"Feature","id":"way/755446105","geometry":{"type":"Polygon","coordinates":[[[127.0728086,37.2796488],[127.0727819,37.2795452],[127.072967,37.2795205],[127.0729828,37.2794709],[127.0729473,37.2794577],[127.0729695,37.2794078],[127.07324,37.2795024],[127.0732152,37.2795518],[127.0731783,37.2795379],[127.0731498,37.2795837],[127.073219,37.2797119],[127.073096,37.279754],[127.0730443,37.2796592],[127.0730948,37.2796433],[127.0730768,37.2796089],[127.072989,37.2795811],[127.0729349,37.2795881],[127.0729432,37.27963],[127.0728086,37.2796488]]]},"properties":{"id":"way/755446105","building":"apartments","name":null,"levels":null,"height":70,"heightSource":"estimated"}},{"type":"Feature","id":"way/755446106","geometry":{"type":"Polygon","coordinates":[[[127.0721521,37.2798118],[127.0721254,37.2797083],[127.0723105,37.2796835],[127.0723263,37.2796339],[127.0722908,37.2796207],[127.072313,37.2795708],[127.0725835,37.2796655],[127.0725587,37.2797148],[127.0725218,37.279701],[127.0724932,37.2797467],[127.0725625,37.2798749],[127.0724395,37.279917],[127.0723878,37.2798223],[127.0724383,37.2798063],[127.0724203,37.2797719],[127.0723325,37.2797441],[127.0722784,37.2797512],[127.0722867,37.279793],[127.0721521,37.2798118]]]},"properties":{"id":"way/755446106","building":"apartments","name":null,"levels":null,"height":70,"heightSource":"estimated"}},{"type":"Feature","id":"way/755446107","geometry":{"type":"Polygon","coordinates":[[[127.0743216,37.2796344],[127.0742949,37.2795309],[127.0744801,37.2795061],[127.0744959,37.2794565],[127.0744603,37.2794433],[127.0744825,37.2793934],[127.0747531,37.279488],[127.0747283,37.2795374],[127.0746913,37.2795236],[127.0746628,37.2795693],[127.074732,37.2796975],[127.0746091,37.2797396],[127.0745574,37.2796449],[127.0746079,37.2796289],[127.0745898,37.2795945],[127.074502,37.2795667],[127.0744479,37.2795738],[127.0744563,37.2796156],[127.0743216,37.2796344]]]},"properties":{"id":"way/755446107","building":"apartments","name":null,"levels":null,"height":70,"heightSource":"estimated"}},{"type":"Feature","id":"way/755446108","geometry":{"type":"Polygon","coordinates":[[[127.0737228,37.2799339],[127.0736783,37.2798344],[127.0738573,37.2797894],[127.0738643,37.2797385],[127.0738268,37.2797294],[127.0738401,37.2796775],[127.0741245,37.2797413],[127.0741086,37.2797929],[127.0740696,37.2797833],[127.0740493,37.2798318],[127.0741403,37.2799511],[127.0740259,37.2800063],[127.0739581,37.2799182],[127.0740053,37.2798968],[127.0739815,37.2798648],[127.0738897,37.279847],[127.0738373,37.2798599],[127.0738529,37.2799005],[127.0737228,37.2799339]]]},"properties":{"id":"way/755446108","building":"apartments","name":null,"levels":null,"height":70,"heightSource":"estimated"}},{"type":"Feature","id":"way/755446109","geometry":{"type":"Polygon","coordinates":[[[127.0730707,37.2801593],[127.0731792,37.2800347],[127.0730942,37.2799132],[127.0731719,37.2798788],[127.07325,37.2799906],[127.073426,37.2799819],[127.0734328,37.28007],[127.0732531,37.2800788],[127.0731466,37.2802012],[127.0730707,37.2801593]]]},"properties":{"id":"way/755446109","building":"apartments","name":null,"levels":null,"height":70,"heightSource":"estimated"}},{"type":"Feature","id":"way/755446110","geometry":{"type":"Polygon","coordinates":[[[127.0718265,37.2800557],[127.071755,37.2799152],[127.0715808,37.2799051],[127.0715872,37.2798345],[127.0717474,37.2798438],[127.0718349,37.279722],[127.0719312,37.2797658],[127.0718419,37.2798902],[127.0719121,37.2800281],[127.0718265,37.2800557]]]},"properties":{"id":"way/755446110","building":"apartments","name":null,"levels":null,"height":70,"heightSource":"estimated"}},{"type":"Feature","id":"way/755446111","geometry":{"type":"Polygon","coordinates":[[[127.072187,37.2803854],[127.0720752,37.2802625],[127.0719959,37.2801525],[127.0720874,37.2801024],[127.0721692,37.2802249],[127.0722683,37.280332],[127.072187,37.2803854]]]},"properties":{"id":"way/755446111","building":"apartments","name":null,"levels":null,"height":70,"heightSource":"estimated"}},{"type":"Feature","id":"way/755959096","geometry":{"type":"Polygon","coordinates":[[[127.0703523,37.2758711],[127.0703508,37.2757779],[127.0708582,37.2757727],[127.0708598,37.2758659],[127.0703523,37.2758711]]]},"properties":{"id":"way/755959096","building":"apartments","name":null,"levels":null,"height":70,"heightSource":"estimated"}},{"type":"Feature","id":"way/755959097","geometry":{"type":"Polygon","coordinates":[[[127.0696256,37.2756222],[127.0696901,37.2755296],[127.0701544,37.2757343],[127.0700898,37.2758271],[127.0696256,37.2756222]]]},"properties":{"id":"way/755959097","building":"apartments","name":null,"levels":null,"height":70,"heightSource":"estimated"}},{"type":"Feature","id":"way/755959098","geometry":{"type":"Polygon","coordinates":[[[127.0690578,37.2755938],[127.0691212,37.2755094],[127.0695909,37.2757326],[127.0695275,37.2758171],[127.0690578,37.2755938]]]},"properties":{"id":"way/755959098","building":"apartments","name":null,"levels":null,"height":70,"heightSource":"estimated"}},{"type":"Feature","id":"way/755959099","geometry":{"type":"Polygon","coordinates":[[[127.0693218,37.2751554],[127.0693852,37.275071],[127.0698549,37.2752943],[127.0697915,37.2753788],[127.0693218,37.2751554]]]},"properties":{"id":"way/755959099","building":"apartments","name":null,"levels":null,"height":70,"heightSource":"estimated"}},{"type":"Feature","id":"way/755959100","geometry":{"type":"Polygon","coordinates":[[[127.0696677,37.2746891],[127.0697323,37.2745965],[127.0701966,37.2748012],[127.070132,37.274894],[127.0696677,37.2746891]]]},"properties":{"id":"way/755959100","building":"apartments","name":null,"levels":null,"height":70,"heightSource":"estimated"}},{"type":"Feature","id":"way/755959101","geometry":{"type":"Polygon","coordinates":[[[127.0692587,37.2745889],[127.0693933,37.274403],[127.0696145,37.2745044],[127.0695568,37.2745843],[127.0694385,37.2745301],[127.0693617,37.2746361],[127.0692587,37.2745889]]]},"properties":{"id":"way/755959101","building":"apartments","name":null,"levels":null,"height":70,"heightSource":"estimated"}},{"type":"Feature","id":"way/755959102","geometry":{"type":"Polygon","coordinates":[[[127.0686466,37.274893],[127.0687811,37.2747071],[127.0690024,37.2748085],[127.0689447,37.2748884],[127.0688263,37.2748342],[127.0687496,37.2749402],[127.0686466,37.274893]]]},"properties":{"id":"way/755959102","building":"apartments","name":null,"levels":null,"height":70,"heightSource":"estimated"}},{"type":"Feature","id":"way/755959103","geometry":{"type":"Polygon","coordinates":[[[127.0702416,37.2749878],[127.0703014,37.274909],[127.0704987,37.2750039],[127.0707224,37.2749936],[127.0707295,37.2750909],[127.07048,37.2751024],[127.0702416,37.2749878]]]},"properties":{"id":"way/755959103","building":"apartments","name":null,"levels":null,"height":70,"heightSource":"estimated"}},{"type":"Feature","id":"way/755959104","geometry":{"type":"Polygon","coordinates":[[[127.0686074,37.275626],[127.068742,37.2754401],[127.0689632,37.2755415],[127.0689055,37.2756214],[127.0687872,37.2755672],[127.0687104,37.2756732],[127.0686074,37.275626]]]},"properties":{"id":"way/755959104","building":"apartments","name":null,"levels":null,"height":70,"heightSource":"estimated"}},{"type":"Feature","id":"way/755959105","geometry":{"type":"Polygon","coordinates":[[[127.068518,37.2742382],[127.0686525,37.2740523],[127.0688738,37.2741536],[127.068816,37.2742335],[127.0686977,37.2741793],[127.068621,37.2742854],[127.068518,37.2742382]]]},"properties":{"id":"way/755959105","building":"apartments","name":null,"levels":null,"height":70,"heightSource":"estimated"}},{"type":"Feature","id":"way/755959106","geometry":{"type":"Polygon","coordinates":[[[127.067713,37.2738531],[127.0678475,37.2736672],[127.0680688,37.2737686],[127.068011,37.2738485],[127.0678927,37.2737943],[127.067816,37.2739003],[127.067713,37.2738531]]]},"properties":{"id":"way/755959106","building":"apartments","name":null,"levels":null,"height":70,"heightSource":"estimated"}},{"type":"Feature","id":"way/755959107","geometry":{"type":"Polygon","coordinates":[[[127.0669564,37.2733105],[127.067091,37.2731246],[127.0673123,37.273226],[127.0672545,37.2733059],[127.0671362,37.2732517],[127.0670594,37.2733577],[127.0669564,37.2733105]]]},"properties":{"id":"way/755959107","building":"apartments","name":null,"levels":null,"height":70,"heightSource":"estimated"}},{"type":"Feature","id":"way/755959108","geometry":{"type":"Polygon","coordinates":[[[127.0683003,37.2736881],[127.0682776,37.2735968],[127.0685464,37.2735545],[127.0687393,37.2735837],[127.0687179,37.2736733],[127.0685525,37.2736483],[127.0683003,37.2736881]]]},"properties":{"id":"way/755959108","building":"apartments","name":null,"levels":null,"height":70,"heightSource":"estimated"}},{"type":"Feature","id":"way/755959109","geometry":{"type":"Polygon","coordinates":[[[127.0681776,37.2731912],[127.0681549,37.2730999],[127.0684237,37.2730576],[127.0686166,37.2730867],[127.0685951,37.2731764],[127.0684298,37.2731514],[127.0681776,37.2731912]]]},"properties":{"id":"way/755959109","building":"apartments","name":null,"levels":null,"height":70,"heightSource":"estimated"}},{"type":"Feature","id":"way/755959110","geometry":{"type":"Polygon","coordinates":[[[127.0674032,37.2732777],[127.0673839,37.2731828],[127.0679177,37.2731138],[127.067937,37.2732088],[127.0674032,37.2732777]]]},"properties":{"id":"way/755959110","building":"apartments","name":null,"levels":null,"height":70,"heightSource":"estimated"}},{"type":"Feature","id":"way/755959112","geometry":{"type":"Polygon","coordinates":[[[127.0696108,37.277287],[127.0698293,37.2771021],[127.0700367,37.2772573],[127.0699454,37.2773346],[127.0698322,37.2772498],[127.0697049,37.2773575],[127.0696108,37.277287]]]},"properties":{"id":"way/755959112","building":"apartments","name":null,"levels":null,"height":70,"heightSource":"estimated"}},{"type":"Feature","id":"way/755959113","geometry":{"type":"Polygon","coordinates":[[[127.0695982,37.2768245],[127.0698167,37.2766396],[127.0700241,37.2767948],[127.0699328,37.276872],[127.0698196,37.2767873],[127.0696923,37.2768949],[127.0695982,37.2768245]]]},"properties":{"id":"way/755959113","building":"apartments","name":null,"levels":null,"height":70,"heightSource":"estimated"}},{"type":"Feature","id":"way/755959114","geometry":{"type":"Polygon","coordinates":[[[127.0695097,37.277858],[127.0697282,37.2776731],[127.0699356,37.2778283],[127.0698443,37.2779056],[127.0697311,37.2778208],[127.0696038,37.2779285],[127.0695097,37.277858]]]},"properties":{"id":"way/755959114","building":"apartments","name":null,"levels":null,"height":70,"heightSource":"estimated"}},{"type":"Feature","id":"way/755959115","geometry":{"type":"Polygon","coordinates":[[[127.0693469,37.2783002],[127.0695654,37.2781153],[127.0697728,37.2782705],[127.0696815,37.2783477],[127.0695683,37.278263],[127.069441,37.2783706],[127.0693469,37.2783002]]]},"properties":{"id":"way/755959115","building":"apartments","name":null,"levels":null,"height":70,"heightSource":"estimated"}},{"type":"Feature","id":"way/755959116","geometry":{"type":"Polygon","coordinates":[[[127.0700957,37.278751],[127.0697278,37.278459],[127.0698288,37.2783785],[127.0701967,37.2786706],[127.0700957,37.278751]]]},"properties":{"id":"way/755959116","building":"apartments","name":null,"levels":null,"height":70,"heightSource":"estimated"}},{"type":"Feature","id":"way/755959117","geometry":{"type":"Polygon","coordinates":[[[127.0702853,37.2773981],[127.0702826,37.277295],[127.0708534,37.2772859],[127.070856,37.277389],[127.0702853,37.2773981]]]},"properties":{"id":"way/755959117","building":"apartments","name":null,"levels":null,"height":70,"heightSource":"estimated"}},{"type":"Feature","id":"way/755959118","geometry":{"type":"Polygon","coordinates":[[[127.0702386,37.2767563],[127.070236,37.2766532],[127.0708067,37.276644],[127.0708094,37.2767471],[127.0702386,37.2767563]]]},"properties":{"id":"way/755959118","building":"apartments","name":null,"levels":null,"height":70,"heightSource":"estimated"}},{"type":"Feature","id":"way/755959119","geometry":{"type":"Polygon","coordinates":[[[127.0702896,37.2780497],[127.070287,37.2779465],[127.0708577,37.2779374],[127.0708603,37.2780405],[127.0702896,37.2780497]]]},"properties":{"id":"way/755959119","building":"apartments","name":null,"levels":null,"height":70,"heightSource":"estimated"}},{"type":"Feature","id":"way/762525124","geometry":{"type":"Polygon","coordinates":[[[127.0643766,37.2743827],[127.0642915,37.2743694],[127.0642999,37.2743352],[127.0641317,37.2743089],[127.0641152,37.2743757],[127.06374,37.274317],[127.0637555,37.2742542],[127.0636805,37.2742424],[127.0637042,37.2741466],[127.0644077,37.2742569],[127.0643766,37.2743827]]]},"properties":{"id":"way/762525124","building":"yes","name":null,"levels":null,"height":12,"heightSource":"estimated"}},{"type":"Feature","id":"way/762525125","geometry":{"type":"Polygon","coordinates":[[[127.0631949,37.2743243],[127.0632799,37.2739295],[127.0635553,37.2739671],[127.0635038,37.2742059],[127.0636489,37.2742257],[127.0636355,37.2742879],[127.0635306,37.2742736],[127.0635104,37.2743673],[127.0631949,37.2743243]]]},"properties":{"id":"way/762525125","building":"yes","name":null,"levels":null,"height":12,"heightSource":"estimated"}},{"type":"Feature","id":"way/762525126","geometry":{"type":"Polygon","coordinates":[[[127.0635868,37.2745539],[127.0636133,37.2744482],[127.063937,37.2744996],[127.0639311,37.2745232],[127.0643274,37.2745861],[127.0643028,37.2746842],[127.0641203,37.2746553],[127.0641074,37.2747066],[127.063941,37.2746802],[127.0639514,37.2746386],[127.0638779,37.2746269],[127.0638663,37.2746733],[127.063626,37.2746352],[127.0636441,37.274563],[127.0635868,37.2745539]]]},"properties":{"id":"way/762525126","building":"yes","name":null,"levels":null,"height":12,"heightSource":"estimated"}},{"type":"Feature","id":"way/763948179","geometry":{"type":"Polygon","coordinates":[[[127.0582281,37.2723287],[127.0579251,37.2721556],[127.0578123,37.2722806],[127.0577422,37.2722406],[127.0578429,37.2721291],[127.0578062,37.2721081],[127.0578651,37.2720429],[127.0582748,37.2722769],[127.0582281,37.2723287]]]},"properties":{"id":"way/763948179","building":"apartments","name":"1006","levels":null,"height":70,"heightSource":"estimated"}},{"type":"Feature","id":"way/763948180","geometry":{"type":"Polygon","coordinates":[[[127.0575179,37.2724171],[127.0572473,37.2723238],[127.0571709,37.2724641],[127.0570841,37.2724342],[127.0571544,37.2723053],[127.057089,37.2722827],[127.0571365,37.2721955],[127.0575592,37.2723412],[127.0575179,37.2724171]]]},"properties":{"id":"way/763948180","building":"apartments","name":"1007","levels":null,"height":70,"heightSource":"estimated"}},{"type":"Feature","id":"way/763948181","geometry":{"type":"Polygon","coordinates":[[[127.0565011,37.2724486],[127.0568971,37.2726165],[127.0568462,37.2726925],[127.056606,37.2725906],[127.0565165,37.2727243],[127.0564315,37.2726882],[127.0565153,37.2725631],[127.0564446,37.2725331],[127.0565011,37.2724486]]]},"properties":{"id":"way/763948181","building":"apartments","name":"1008","levels":null,"height":70,"heightSource":"estimated"}},{"type":"Feature","id":"way/763948184","geometry":{"type":"Polygon","coordinates":[[[127.0586928,37.2731744],[127.0583808,37.2729906],[127.058263,37.2731173],[127.0582013,37.2730809],[127.0582974,37.2729776],[127.0582484,37.2729487],[127.0583161,37.2728759],[127.0587389,37.2731249],[127.0586928,37.2731744]]]},"properties":{"id":"way/763948184","building":"apartments","name":"1005","levels":null,"height":70,"heightSource":"estimated"}},{"type":"Feature","id":"way/763948185","geometry":{"type":"Polygon","coordinates":[[[127.0576104,37.2731101],[127.0576388,37.2730568],[127.0580082,37.2731814],[127.0579778,37.2732387],[127.0577177,37.273151],[127.0576271,37.2733212],[127.0575738,37.2733032],[127.0576665,37.273129],[127.0576104,37.2731101]]]},"properties":{"id":"way/763948185","building":"apartments","name":"1004","levels":null,"height":70,"heightSource":"estimated"}},{"type":"Feature","id":"way/763948186","geometry":{"type":"Polygon","coordinates":[[[127.0568631,37.2731937],[127.0569052,37.2731372],[127.0573064,37.2733264],[127.0572652,37.2733817],[127.057028,37.2732698],[127.0569242,37.2734091],[127.0568684,37.2733828],[127.0569713,37.2732447],[127.0568631,37.2731937]]]},"properties":{"id":"way/763948186","building":"apartments","name":"1003","levels":null,"height":70,"heightSource":"estimated"}},{"type":"Feature","id":"way/763948187","geometry":{"type":"Polygon","coordinates":[[[127.0561417,37.273581],[127.0558971,37.2734766],[127.0557938,37.27363],[127.0557245,37.2736004],[127.0558252,37.2734511],[127.0557514,37.2734196],[127.0557971,37.2733518],[127.0561847,37.2735171],[127.0561417,37.273581]]]},"properties":{"id":"way/763948187","building":"apartments","name":"1002","levels":null,"height":70,"heightSource":"estimated"}},{"type":"Feature","id":"way/764607565","geometry":{"type":"Polygon","coordinates":[[[127.0554577,37.2835451],[127.0553786,37.2834779],[127.0550302,37.2837379],[127.054908,37.2836343],[127.0553509,37.2833037],[127.0555523,37.2834745],[127.0554577,37.2835451]]]},"properties":{"id":"way/764607565","building":"apartments","name":"202","levels":10,"height":30,"heightSource":"levels"}},{"type":"Feature","id":"way/764607566","geometry":{"type":"Polygon","coordinates":[[[127.0560989,37.2838282],[127.0559737,37.2837089],[127.0560208,37.2836776],[127.0558782,37.2835419],[127.0557244,37.2836441],[127.0555878,37.2835141],[127.055857,37.2833352],[127.0562613,37.2837203],[127.0560989,37.2838282]]]},"properties":{"id":"way/764607566","building":"apartments","name":"110","levels":49,"height":147,"heightSource":"levels"}},{"type":"Feature","id":"way/764607567","geometry":{"type":"Polygon","coordinates":[[[127.0564645,37.2839141],[127.0566841,37.2837594],[127.0571253,37.2841558],[127.0569508,37.2842787],[127.0567991,37.2841424],[127.0568681,37.2840938],[127.0567176,37.2839586],[127.0566035,37.284039],[127.0564645,37.2839141]]]},"properties":{"id":"way/764607567","building":"apartments","name":"101","levels":39,"height":117,"heightSource":"levels"}},{"type":"Feature","id":"way/764607568","geometry":{"type":"Polygon","coordinates":[[[127.0564907,37.2834858],[127.0569277,37.2831646],[127.0571163,37.283327],[127.0569638,37.2834391],[127.0568722,37.2833601],[127.0567507,37.2834493],[127.056807,37.2834978],[127.0566439,37.2836177],[127.0564907,37.2834858]]]},"properties":{"id":"way/764607568","building":"apartments","name":"109","levels":49,"height":147,"heightSource":"levels"}},{"type":"Feature","id":"way/764607569","geometry":{"type":"Polygon","coordinates":[[[127.0572186,37.2832913],[127.0574635,37.2831265],[127.0578939,37.2835314],[127.0577182,37.2836497],[127.0575753,37.2835152],[127.0576439,37.2834691],[127.0574998,37.2833334],[127.0573619,37.2834262],[127.0572186,37.2832913]]]},"properties":{"id":"way/764607569","building":"apartments","name":"102","levels":49,"height":147,"heightSource":"levels"}},{"type":"Feature","id":"way/764607570","geometry":{"type":"Polygon","coordinates":[[[127.0578002,37.2828485],[127.0581876,37.2825825],[127.0586307,37.2829911],[127.0584563,37.2831108],[127.0583174,37.2829828],[127.0583787,37.2829407],[127.0582294,37.2828029],[127.0579549,37.2829913],[127.0578002,37.2828485]]]},"properties":{"id":"way/764607570","building":"apartments","name":"103","levels":49,"height":147,"heightSource":"levels"}},{"type":"Feature","id":"way/764607571","geometry":{"type":"Polygon","coordinates":[[[127.0588502,37.2824347],[127.0587007,37.2823577],[127.0587566,37.282289],[127.0584845,37.2821489],[127.0583841,37.2822724],[127.0582022,37.2821788],[127.0583961,37.2819405],[127.0589995,37.2822512],[127.0588502,37.2824347]]]},"properties":{"id":"way/764607571","building":"apartments","name":"104","levels":42,"height":126,"heightSource":"levels"}},{"type":"Feature","id":"way/764607572","geometry":{"type":"Polygon","coordinates":[[[127.0579274,37.2821947],[127.0577856,37.2822946],[127.0576588,37.2821808],[127.0576997,37.282152],[127.0575748,37.2820398],[127.0574672,37.2821156],[127.0573033,37.2819685],[127.0575118,37.2818215],[127.0579274,37.2821947]]]},"properties":{"id":"way/764607572","building":"apartments","name":"108","levels":49,"height":147,"heightSource":"levels"}},{"type":"Feature","id":"way/764607573","geometry":{"type":"Polygon","coordinates":[[[127.0576827,37.2814494],[127.0575916,37.2813473],[127.0573948,37.2814585],[127.0574634,37.2815354],[127.057287,37.2816351],[127.0571409,37.2814713],[127.0576633,37.2811762],[127.0578319,37.2813651],[127.0576827,37.2814494]]]},"properties":{"id":"way/764607573","building":"apartments","name":"107","levels":49,"height":147,"heightSource":"levels"}},{"type":"Feature","id":"way/764607574","geometry":{"type":"Polygon","coordinates":[[[127.0577539,37.2808755],[127.0575873,37.2807217],[127.0580614,37.2803966],[127.0582771,37.2805958],[127.0581077,37.280712],[127.05799,37.2806034],[127.0578206,37.2807195],[127.0578891,37.2807828],[127.0577539,37.2808755]]]},"properties":{"id":"way/764607574","building":"apartments","name":"106","levels":49,"height":147,"heightSource":"levels"}},{"type":"Feature","id":"way/764607575","geometry":{"type":"Polygon","coordinates":[[[127.0586495,37.2808282],[127.0585781,37.2807483],[127.0586436,37.2806956],[127.0587078,37.2806584],[127.0585783,37.2805227],[127.0585159,37.2805631],[127.0584036,37.2806091],[127.0583505,37.2805105],[127.0584522,37.2804684],[127.0585797,37.280365],[127.0588946,37.2806881],[127.0587751,37.2807766],[127.0587418,37.2807592],[127.0586495,37.2808282]]]},"properties":{"id":"way/764607575","building":"apartments","name":"201","levels":27,"height":81,"heightSource":"levels"}},{"type":"Feature","id":"way/764607576","geometry":{"type":"Polygon","coordinates":[[[127.0589142,37.2815735],[127.0587282,37.2814847],[127.0587683,37.2814314],[127.0585401,37.2813224],[127.0584488,37.2814435],[127.058232,37.28134],[127.0584132,37.2810996],[127.0590444,37.2814009],[127.0589142,37.2815735]]]},"properties":{"id":"way/764607576","building":"apartments","name":"105","levels":34,"height":102,"heightSource":"levels"}},{"type":"Feature","id":"way/765210587","geometry":{"type":"Polygon","coordinates":[[[127.0608945,37.2705767],[127.0611057,37.270646],[127.0610575,37.270739],[127.0611104,37.2708685],[127.0610285,37.2708897],[127.0609783,37.2707665],[127.0608766,37.2707407],[127.0607224,37.2707905],[127.0606843,37.2707158],[127.0608502,37.2706622],[127.0608945,37.2705767]]]},"properties":{"id":"way/765210587","building":"apartments","name":"101","levels":null,"height":70,"heightSource":"estimated"}},{"type":"Feature","id":"way/765210588","geometry":{"type":"Polygon","coordinates":[[[127.0613687,37.2710167],[127.0616613,37.2709284],[127.0617042,37.2709711],[127.0616684,37.2709844],[127.0616908,37.2710223],[127.0618381,37.2711016],[127.0617899,37.2711583],[127.0616639,37.2710906],[127.0615781,37.2711165],[127.061552,37.2710618],[127.0614106,37.2711045],[127.0613687,37.2710167]]]},"properties":{"id":"way/765210588","building":"apartments","name":"102","levels":null,"height":70,"heightSource":"estimated"}},{"type":"Feature","id":"way/765210589","geometry":{"type":"Polygon","coordinates":[[[127.0610802,37.2715295],[127.0613882,37.271447],[127.0614157,37.2715119],[127.0615569,37.2715676],[127.0615069,37.2716478],[127.0613611,37.2715903],[127.0612734,37.2716138],[127.0612493,37.2715568],[127.0611078,37.2715948],[127.0610802,37.2715295]]]},"properties":{"id":"way/765210589","building":"apartments","name":"103","levels":null,"height":70,"heightSource":"estimated"}},{"type":"Feature","id":"way/765210590","geometry":{"type":"Polygon","coordinates":[[[127.0620521,37.2715075],[127.0623704,37.2714182],[127.0624108,37.2714568],[127.0623623,37.2715205],[127.0625194,37.2715962],[127.0624736,37.2716563],[127.0623199,37.2715822],[127.0622385,37.271605],[127.0622248,37.2715742],[127.0620974,37.2716099],[127.0620521,37.2715075]]]},"properties":{"id":"way/765210590","building":"apartments","name":"104","levels":null,"height":70,"heightSource":"estimated"}},{"type":"Feature","id":"way/765210591","geometry":{"type":"Polygon","coordinates":[[[127.0626721,37.2717603],[127.0631349,37.2715923],[127.0631822,37.2716749],[127.0631436,37.2717189],[127.0632913,37.2718008],[127.0632186,37.2718837],[127.0630767,37.2718051],[127.0630222,37.2718237],[127.0629881,37.2717609],[127.0628948,37.2717929],[127.0629362,37.2718692],[127.0628089,37.2719129],[127.0627671,37.2718358],[127.0626909,37.2718463],[127.0626721,37.2717603]]]},"properties":{"id":"way/765210591","building":"apartments","name":"105","levels":null,"height":70,"heightSource":"estimated"}},{"type":"Feature","id":"way/765210592","geometry":{"type":"Polygon","coordinates":[[[127.0621813,37.2718605],[127.0622933,37.2718605],[127.0622946,37.2720005],[127.0624426,37.2720663],[127.0623213,37.2721597],[127.0622707,37.2721098],[127.0621813,37.2721448],[127.0621494,37.2720812],[127.0620254,37.2721098],[127.0619947,37.2720401],[127.0621724,37.2719834],[127.0621813,37.2718605]]]},"properties":{"id":"way/765210592","building":"residential","name":"201","levels":null,"height":12,"heightSource":"estimated"}},{"type":"Feature","id":"way/765270893","geometry":{"type":"Polygon","coordinates":[[[127.0720145,37.2809798],[127.0723502,37.2810787],[127.0726238,37.2809667],[127.0726989,37.2810307],[127.0723596,37.2811641],[127.0719807,37.2810524],[127.0720145,37.2809798]]]},"properties":{"id":"way/765270893","building":"apartments","name":null,"levels":null,"height":70,"heightSource":"estimated"}},{"type":"Feature","id":"way/765270894","geometry":{"type":"Polygon","coordinates":[[[127.0718627,37.2811337],[127.0719043,37.2811967],[127.0715865,37.2813055],[127.0712217,37.2811913],[127.0712686,37.2811166],[127.0715932,37.2812287],[127.0718627,37.2811337]]]},"properties":{"id":"way/765270894","building":"apartments","name":null,"levels":null,"height":70,"heightSource":"estimated"}},{"type":"Feature","id":"way/765270895","geometry":{"type":"Polygon","coordinates":[[[127.0709427,37.2807866],[127.0711394,37.2809874],[127.0710584,37.2810375],[127.0709916,37.2809693],[127.0709379,37.2810026],[127.0708904,37.2809541],[127.0707967,37.2810121],[127.0707144,37.2809281],[127.0709427,37.2807866]]]},"properties":{"id":"way/765270895","building":"apartments","name":null,"levels":null,"height":70,"heightSource":"estimated"}},{"type":"Feature","id":"way/765270896","geometry":{"type":"Polygon","coordinates":[[[127.0706506,37.2804479],[127.0708649,37.2803004],[127.0710734,37.2804923],[127.0709793,37.2805571],[127.0708996,37.2804838],[127.0708487,37.2805188],[127.0708055,37.280479],[127.0707362,37.2805267],[127.0706506,37.2804479]]]},"properties":{"id":"way/765270896","building":"apartments","name":null,"levels":null,"height":70,"heightSource":"estimated"}},{"type":"Feature","id":"way/765270897","geometry":{"type":"Polygon","coordinates":[[[127.0706241,37.279734],[127.0707877,37.2798447],[127.0709153,37.2798795],[127.0708839,37.2799525],[127.0707045,37.2799035],[127.0706553,37.2799495],[127.0706095,37.2799185],[127.0705432,37.2799805],[127.0704372,37.2799088],[127.0706241,37.279734]]]},"properties":{"id":"way/765270897","building":"apartments","name":null,"levels":null,"height":70,"heightSource":"estimated"}},{"type":"Feature","id":"way/765270898","geometry":{"type":"Polygon","coordinates":[[[127.0698107,37.2802628],[127.0699518,37.280451],[127.0699215,37.2804654],[127.0699492,37.2805024],[127.0698931,37.280529],[127.069816,37.2804261],[127.0696752,37.2804929],[127.069627,37.2804285],[127.0696575,37.280414],[127.0696339,37.2803825],[127.0697362,37.280334],[127.0697163,37.2803075],[127.0698107,37.2802628]]]},"properties":{"id":"way/765270898","building":"apartments","name":null,"levels":null,"height":70,"heightSource":"estimated"}},{"type":"Feature","id":"way/765270899","geometry":{"type":"Polygon","coordinates":[[[127.0691835,37.2798638],[127.069218,37.2799077],[127.0691927,37.2799203],[127.0693456,37.2801154],[127.0692616,37.2801571],[127.0692234,37.2801083],[127.0691679,37.2801358],[127.0691272,37.2800838],[127.069194,37.2800507],[127.0691456,37.279989],[127.0690588,37.2800321],[127.0690434,37.2800124],[127.0689559,37.2800558],[127.0689114,37.279999],[127.0689326,37.2799884],[127.0689117,37.2799617],[127.0690108,37.2799124],[127.0690318,37.2799391],[127.0691835,37.2798638]]]},"properties":{"id":"way/765270899","building":"apartments","name":null,"levels":null,"height":70,"heightSource":"estimated"}},{"type":"Feature","id":"way/765270900","geometry":{"type":"Polygon","coordinates":[[[127.0692793,37.2791704],[127.0694215,37.2793515],[127.0693992,37.2793626],[127.0694245,37.2793949],[127.0693606,37.2794266],[127.0693002,37.2793497],[127.0692518,37.2793737],[127.0692313,37.2793476],[127.0691443,37.2793908],[127.0691019,37.2793368],[127.0691582,37.2793088],[127.0691317,37.2792751],[127.0692254,37.2792285],[127.0692077,37.2792059],[127.0692793,37.2791704]]]},"properties":{"id":"way/765270900","building":"apartments","name":null,"levels":null,"height":70,"heightSource":"estimated"}},{"type":"Feature","id":"way/765270901","geometry":{"type":"Polygon","coordinates":[[[127.0677379,37.2766375],[127.0679903,37.2766341],[127.0679927,37.2767478],[127.0679139,37.2767488],[127.0679145,37.2767771],[127.0678461,37.276778],[127.0678453,37.2767387],[127.0677928,37.276722],[127.0677044,37.2767958],[127.0677373,37.2768207],[127.0676738,37.2768738],[127.0676285,37.2768395],[127.0675576,37.2768987],[127.0675021,37.2768567],[127.0675406,37.27684],[127.0675053,37.2768094],[127.0676616,37.2766952],[127.0676905,37.2767202],[127.0677554,37.2766728],[127.0677379,37.2766375]]]},"properties":{"id":"way/765270901","building":"apartments","name":null,"levels":null,"height":70,"heightSource":"estimated"}},{"type":"Feature","id":"way/765270902","geometry":{"type":"Polygon","coordinates":[[[127.0682189,37.276924],[127.0684758,37.2769193],[127.0686984,37.2770895],[127.068591,37.2771785],[127.0684732,37.2770885],[127.0685158,37.2770533],[127.0684511,37.2770038],[127.06838,37.2770051],[127.0683816,37.277061],[127.0682889,37.2770627],[127.0682872,37.2770011],[127.0682212,37.2770023],[127.0682189,37.276924]]]},"properties":{"id":"way/765270902","building":"apartments","name":null,"levels":null,"height":70,"heightSource":"estimated"}},{"type":"Feature","id":"way/765270903","geometry":{"type":"Polygon","coordinates":[[[127.0676964,37.277585],[127.0679223,37.2775958],[127.0679673,37.2775954],[127.0680069,37.2775979],[127.0681899,37.2777121],[127.0681427,37.2777648],[127.0680512,37.2777186],[127.0680224,37.2777449],[127.0679677,37.2777094],[127.0679935,37.2776839],[127.0679599,37.277663],[127.0676911,37.2776549],[127.0676964,37.277585]]]},"properties":{"id":"way/765270903","building":"apartments","name":null,"levels":null,"height":70,"heightSource":"estimated"}},{"type":"Feature","id":"way/765270905","geometry":{"type":"Polygon","coordinates":[[[127.0679652,37.2782733],[127.0681204,37.2781712],[127.0684368,37.2781928],[127.0684302,37.2782541],[127.0683349,37.2782476],[127.0683322,37.2782727],[127.0682774,37.2782689],[127.0682804,37.2782417],[127.0681729,37.2782344],[127.0681239,37.278252],[127.0681451,37.2782724],[127.068104,37.2782994],[127.0680867,37.2782828],[127.0680204,37.2783264],[127.0679652,37.2782733]]]},"properties":{"id":"way/765270905","building":"apartments","name":null,"levels":null,"height":70,"heightSource":"estimated"}},{"type":"Feature","id":"way/765279165","geometry":{"type":"Polygon","coordinates":[[[127.0674076,37.2746262],[127.0676025,37.2745392],[127.0677515,37.2747505],[127.0676336,37.2748032],[127.0675993,37.2747546],[127.0675224,37.274789],[127.0674076,37.2746262]]]},"properties":{"id":"way/765279165","building":"apartments","name":null,"levels":null,"height":70,"heightSource":"estimated"}},{"type":"Feature","id":"way/765279166","geometry":{"type":"Polygon","coordinates":[[[127.0668405,37.2746759],[127.0670577,37.2746358],[127.0670738,37.2746909],[127.0671446,37.2746778],[127.0671341,37.2746417],[127.0672723,37.2746162],[127.0672996,37.2747099],[127.0668733,37.2747886],[127.0668405,37.2746759]]]},"properties":{"id":"way/765279166","building":"apartments","name":null,"levels":null,"height":70,"heightSource":"estimated"}},{"type":"Feature","id":"way/765279167","geometry":{"type":"Polygon","coordinates":[[[127.0674347,37.2752148],[127.0676353,37.2751288],[127.067776,37.2753366],[127.067671,37.2753816],[127.0676428,37.27534],[127.0675472,37.275381],[127.0674347,37.2752148]]]},"properties":{"id":"way/765279167","building":"apartments","name":null,"levels":null,"height":70,"heightSource":"estimated"}},{"type":"Feature","id":"way/765279168","geometry":{"type":"Polygon","coordinates":[[[127.067015,37.2752007],[127.0671173,37.275183],[127.0671293,37.2752272],[127.0671931,37.2752162],[127.0671809,37.2751717],[127.0672837,37.2751539],[127.0673116,37.2752562],[127.0670429,37.2753028],[127.067015,37.2752007]]]},"properties":{"id":"way/765279168","building":"apartments","name":null,"levels":null,"height":70,"heightSource":"estimated"}},{"type":"Feature","id":"way/765279169","geometry":{"type":"Polygon","coordinates":[[[127.067157,37.2756596],[127.067314,37.2756339],[127.0673263,37.2756818],[127.0673979,37.2756701],[127.0673864,37.2756255],[127.0674939,37.2756079],[127.0675216,37.2757151],[127.0671855,37.27577],[127.067157,37.2756596]]]},"properties":{"id":"way/765279169","building":"apartments","name":null,"levels":null,"height":70,"heightSource":"estimated"}},{"type":"Feature","id":"way/765558840","geometry":{"type":"Polygon","coordinates":[[[127.0604103,37.2875332],[127.0604187,37.287394],[127.0608159,37.2874091],[127.0608075,37.2875483],[127.0604103,37.2875332]]]},"properties":{"id":"way/765558840","building":"apartments","name":null,"levels":null,"height":70,"heightSource":"estimated"}},{"type":"Feature","id":"way/765558841","geometry":{"type":"Polygon","coordinates":[[[127.0596164,37.2876737],[127.0596264,37.2874565],[127.0603172,37.2874767],[127.0603071,37.2876939],[127.0596164,37.2876737]]]},"properties":{"id":"way/765558841","building":"apartments","name":null,"levels":null,"height":70,"heightSource":"estimated"}},{"type":"Feature","id":"way/765558874","geometry":{"type":"Polygon","coordinates":[[[127.0591058,37.2868602],[127.0590323,37.2868597],[127.058997,37.2867042],[127.0589386,37.2865642],[127.058892,37.2865244],[127.0584843,37.2861758],[127.0584215,37.2861221],[127.0582406,37.2860598],[127.0580433,37.2860286],[127.0580532,37.2859295],[127.0585384,37.2857942],[127.059164,37.2853311],[127.0591364,37.2853075],[127.0593865,37.2851224],[127.0598667,37.2851375],[127.0602736,37.2854906],[127.0603746,37.2855783],[127.0605453,37.2855339],[127.0605681,37.2855555],[127.0606008,37.2855867],[127.0602961,37.2858122],[127.060322,37.2858344],[127.0597943,37.286225],[127.0592937,37.2865956],[127.0591058,37.2868602]]]},"properties":{"id":"way/765558874","building":"commercial","name":null,"levels":5,"height":15,"heightSource":"levels"}},{"type":"Feature","id":"way/931993865","geometry":{"type":"Polygon","coordinates":[[[127.0573917,37.2847473],[127.0573837,37.2844635],[127.0575848,37.2843056],[127.0577806,37.2844827],[127.0576975,37.2845382],[127.0577002,37.2847516],[127.0573917,37.2847473]]]},"properties":{"id":"way/931993865","building":"hotel","name":"코트야드 바이 메리어트","levels":null,"height":40,"heightSource":"estimated"}},{"type":"Feature","id":"way/931993866","geometry":{"type":"Polygon","coordinates":[[[127.0574498,37.2857573],[127.0567824,37.2851943],[127.0572835,37.2848158],[127.0575489,37.2848218],[127.0581242,37.2852858],[127.0574498,37.2857573]]]},"properties":{"id":"way/931993866","building":"retail","name":"갤러리아백화점","levels":null,"height":12,"heightSource":"estimated"}},{"type":"Feature","id":"way/997690254","geometry":{"type":"Polygon","coordinates":[[[127.071752,37.2858333],[127.071771,37.2858889],[127.0717181,37.2859003],[127.0716991,37.2858448],[127.071752,37.2858333]]]},"properties":{"id":"way/997690254","building":"yes","name":null,"levels":null,"height":12,"heightSource":"estimated"}},{"type":"Feature","id":"way/997690255","geometry":{"type":"Polygon","coordinates":[[[127.0673217,37.2877181],[127.0673833,37.2876135],[127.0674235,37.2876285],[127.0673619,37.2877331],[127.0673217,37.2877181]]]},"properties":{"id":"way/997690255","building":"yes","name":null,"levels":null,"height":12,"heightSource":"estimated"}},{"type":"Feature","id":"way/1014504698","geometry":{"type":"Polygon","coordinates":[[[127.0616947,37.271994],[127.0617982,37.2720855],[127.0619814,37.2720413],[127.0620123,37.2721109],[127.061893,37.2721503],[127.0619181,37.2722158],[127.0618209,37.272233],[127.0618206,37.2722971],[127.0616525,37.2722846],[127.0617163,37.2721596],[127.0616073,37.2720497],[127.0616947,37.271994]]]},"properties":{"id":"way/1014504698","building":"residential","name":"202","levels":null,"height":12,"heightSource":"estimated"}},{"type":"Feature","id":"way/1014504701","geometry":{"type":"Polygon","coordinates":[[[127.0634616,37.2725968],[127.0642285,37.2723534],[127.0643068,37.2725095],[127.0640181,37.2726011],[127.0641191,37.2728027],[127.0645769,37.2726574],[127.0646541,37.2728113],[127.064055,37.2730017],[127.0638828,37.2726585],[127.063752,37.2727],[127.0638207,37.2728371],[127.0636148,37.2729025],[127.0634616,37.2725968]]]},"properties":{"id":"way/1014504701","building":"school","name":null,"levels":null,"height":15,"heightSource":"estimated"}},{"type":"Feature","id":"way/1042991064","geometry":{"type":"Polygon","coordinates":[[[127.0603077,37.2744704],[127.0603858,37.2744456],[127.0605136,37.2747],[127.0604356,37.2747248],[127.0603077,37.2744704]]]},"properties":{"id":"way/1042991064","building":"yes","name":null,"levels":2,"height":6,"heightSource":"levels"}},{"type":"Feature","id":"way/1043102082","geometry":{"type":"Polygon","coordinates":[[[127.0604689,37.2747809],[127.0604878,37.2747503],[127.0605188,37.2747424],[127.0605562,37.2747505],[127.0608227,37.2748629],[127.0609078,37.2750456],[127.0607095,37.2751448],[127.0606753,37.2751474],[127.0606397,37.2751282],[127.0604689,37.2747809]]]},"properties":{"id":"way/1043102082","building":"yes","name":null,"levels":4,"height":12,"heightSource":"levels"}},{"type":"Feature","id":"way/1043102083","geometry":{"type":"Polygon","coordinates":[[[127.0618653,37.2747945],[127.0618043,37.2746719],[127.061892,37.2746443],[127.0619224,37.2747053],[127.0621265,37.2746409],[127.0621572,37.2747025],[127.0618653,37.2747945]]]},"properties":{"id":"way/1043102083","building":"yes","name":null,"levels":2,"height":6,"heightSource":"levels"}},{"type":"Feature","id":"way/1043102084","geometry":{"type":"Polygon","coordinates":[[[127.0613488,37.2749612],[127.0610284,37.2750682],[127.0609362,37.2748936],[127.0612566,37.2747865],[127.0613488,37.2749612]]]},"properties":{"id":"way/1043102084","building":"yes","name":null,"levels":2,"height":6,"heightSource":"levels"}},{"type":"Feature","id":"way/1163067174","geometry":{"type":"Polygon","coordinates":[[[127.0580457,37.2842703],[127.058025,37.2842841],[127.0579597,37.2842219],[127.0579732,37.2842129],[127.0579349,37.2841812],[127.0579147,37.284196],[127.0578109,37.2840985],[127.0578805,37.2840532],[127.0579431,37.2841074],[127.0580027,37.2840717],[127.0580472,37.2841103],[127.0582154,37.2839984],[127.0583397,37.2841167],[127.0582018,37.2842085],[127.0582106,37.2843049],[127.058142,37.2843089],[127.0581483,37.2843668],[127.058057,37.2843732],[127.0580468,37.2842803],[127.0580457,37.2842703]]]},"properties":{"id":"way/1163067174","building":"apartments","name":null,"levels":47,"height":141,"heightSource":"levels"}},{"type":"Feature","id":"way/1163067175","geometry":{"type":"Polygon","coordinates":[[[127.0582516,37.2851167],[127.0582295,37.285129],[127.0581711,37.2850626],[127.058218,37.2850365],[127.0580542,37.2849916],[127.0580841,37.2849226],[127.0581642,37.2849445],[127.0581831,37.2849029],[127.0583049,37.2849382],[127.0584501,37.2848574],[127.0585611,37.2849837],[127.0584137,37.2850657],[127.0584121,37.2851624],[127.0583434,37.2851617],[127.0583434,37.2852198],[127.0582517,37.2852199],[127.0582516,37.2851267],[127.0582516,37.2851167]]]},"properties":{"id":"way/1163067175","building":"apartments","name":null,"levels":47,"height":141,"heightSource":"levels"}},{"type":"Feature","id":"way/1163067176","geometry":{"type":"Polygon","coordinates":[[[127.058673,37.284579],[127.0586509,37.2845913],[127.0585925,37.2845249],[127.0586394,37.2844988],[127.0584756,37.2844538],[127.0585055,37.2843848],[127.0585855,37.2844068],[127.0586045,37.2843652],[127.0587263,37.2844004],[127.0588714,37.2843197],[127.0589825,37.284446],[127.0588351,37.284528],[127.0588335,37.2846247],[127.0587647,37.284624],[127.0587648,37.2846821],[127.0586731,37.2846822],[127.058673,37.284589],[127.058673,37.284579]]]},"properties":{"id":"way/1163067176","building":"apartments","name":null,"levels":47,"height":141,"heightSource":"levels"}},{"type":"Feature","id":"way/1163067215","geometry":{"type":"Polygon","coordinates":[[[127.0608748,37.2850444],[127.0609242,37.2850082],[127.0609847,37.2850604],[127.0609352,37.2850967],[127.0608748,37.2850444]]]},"properties":{"id":"way/1163067215","building":"yes","name":null,"levels":null,"height":12,"heightSource":"estimated"}},{"type":"Feature","id":"way/1164152575","geometry":{"type":"Polygon","coordinates":[[[127.0643387,37.281777],[127.064387,37.2817643],[127.0644153,37.281832],[127.064367,37.2818448],[127.0643387,37.281777]]]},"properties":{"id":"way/1164152575","building":"roof","name":null,"levels":null,"height":4,"heightSource":"estimated"}},{"type":"Feature","id":"way/1164161889","geometry":{"type":"Polygon","coordinates":[[[127.0656838,37.280995],[127.0656489,37.2808717],[127.0656444,37.280856],[127.0658244,37.2808238],[127.0658288,37.2808393],[127.0658353,37.2808624],[127.0659602,37.28084],[127.0659886,37.2809404],[127.0656838,37.280995]]]},"properties":{"id":"way/1164161889","building":"yes","name":"생태환경체험교육관","levels":1,"height":3,"heightSource":"levels"}},{"type":"Feature","id":"way/1164656618","geometry":{"type":"Polygon","coordinates":[[[127.0680139,37.2860566],[127.0679086,37.2860267],[127.0678087,37.2860502],[127.0677953,37.2860107],[127.0678644,37.2859861],[127.0678926,37.2859307],[127.0679542,37.2859504],[127.0680334,37.2860102],[127.0680139,37.2860566]]]},"properties":{"id":"way/1164656618","building":"yes","name":null,"levels":1,"height":3,"heightSource":"levels"}},{"type":"Feature","id":"way/1164656635","geometry":{"type":"Polygon","coordinates":[[[127.0685991,37.2883092],[127.0685788,37.2882728],[127.0686776,37.2882379],[127.0686979,37.2882743],[127.0685991,37.2883092]]]},"properties":{"id":"way/1164656635","building":"yes","name":null,"levels":null,"height":12,"heightSource":"estimated"}},{"type":"Feature","id":"way/1164662489","geometry":{"type":"Polygon","coordinates":[[[127.0606273,37.2871757],[127.060474,37.2870458],[127.0602901,37.2871831],[127.0603907,37.2872685],[127.0602997,37.2873364],[127.060128,37.2871909],[127.0599746,37.2873054],[127.0598899,37.2872335],[127.0604289,37.2868311],[127.060738,37.2870932],[127.0606273,37.2871757]]]},"properties":{"id":"way/1164662489","building":"commercial","name":null,"levels":null,"height":12,"heightSource":"estimated"}},{"type":"Feature","id":"way/1164662490","geometry":{"type":"Polygon","coordinates":[[[127.0620352,37.2886018],[127.0622493,37.2884959],[127.0622777,37.288403],[127.0625014,37.2884462],[127.0624744,37.288538],[127.0625878,37.2887216],[127.0625125,37.2887539],[127.062475,37.288696],[127.0624157,37.2887204],[127.0623753,37.288658],[127.0624333,37.2886342],[127.0623953,37.288575],[127.0622938,37.2885549],[127.0622291,37.2885899],[127.0622538,37.2886311],[127.0622538,37.2886483],[127.0622486,37.2886572],[127.0621792,37.2886832],[127.0621674,37.2886803],[127.0621552,37.2886735],[127.0621249,37.2886307],[127.0620724,37.2886543],[127.0620352,37.2886018]]]},"properties":{"id":"way/1164662490","building":"apartments","name":null,"levels":40,"height":120,"heightSource":"levels"}},{"type":"Feature","id":"way/1164665359","geometry":{"type":"Polygon","coordinates":[[[127.056178,37.2876507],[127.0572469,37.2871022],[127.0573796,37.2872281],[127.0570135,37.2874266],[127.0571758,37.2876773],[127.0572469,37.2876528],[127.0573233,37.2877147],[127.0567064,37.2881586],[127.056178,37.2876507]]]},"properties":{"id":"way/1164665359","building":"apartments","name":null,"levels":null,"height":70,"heightSource":"estimated"}},{"type":"Feature","id":"way/1311865342","geometry":{"type":"Polygon","coordinates":[[[127.0745661,37.2917125],[127.0744978,37.2917281],[127.0744883,37.2917037],[127.0744575,37.2917112],[127.0744368,37.2916504],[127.0744663,37.2916432],[127.07446,37.2916235],[127.0745586,37.2915955],[127.0745647,37.2915673],[127.0745506,37.2915651],[127.0745659,37.2915057],[127.0745547,37.2915039],[127.0745705,37.2914478],[127.0746495,37.2914584],[127.0746522,37.2914471],[127.0747518,37.2914622],[127.0747489,37.2914729],[127.0748284,37.2914851],[127.0748125,37.2915446],[127.0748,37.2915431],[127.0747855,37.291599],[127.0747715,37.2915973],[127.0747646,37.2916252],[127.0748545,37.2916661],[127.0748434,37.2916819],[127.07487,37.2916936],[127.0748275,37.2917499],[127.0748026,37.291739],[127.0747881,37.2917567],[127.0747204,37.2917277],[127.074732,37.2917095],[127.0746512,37.2916749],[127.0745595,37.2916918],[127.0745661,37.2917125]]]},"properties":{"id":"way/1311865342","building":"apartments","name":"3005","levels":null,"height":70,"heightSource":"estimated"}},{"type":"Feature","id":"way/1311865343","geometry":{"type":"Polygon","coordinates":[[[127.0738202,37.2917251],[127.0737264,37.2917198],[127.073725,37.2917411],[127.0736539,37.29174],[127.0736539,37.2917144],[127.0736218,37.2917144],[127.0736244,37.2916515],[127.0736553,37.2916515],[127.0736566,37.2916312],[127.0737626,37.2916307],[127.0737787,37.2916051],[127.0737659,37.2915997],[127.0738021,37.2915464],[127.0737921,37.2915421],[127.0738276,37.291492],[127.0738994,37.2915203],[127.0739061,37.2915101],[127.0739959,37.2915475],[127.0739892,37.2915571],[127.074061,37.2915869],[127.0740241,37.2916403],[127.0740127,37.291636],[127.0739785,37.2916862],[127.0739657,37.2916814],[127.073949,37.2917064],[127.0740174,37.2917619],[127.0740013,37.2917747],[127.0740227,37.2917918],[127.0739624,37.2918366],[127.0739423,37.2918206],[127.0739222,37.2918345],[127.0738672,37.2917918],[127.0738846,37.2917769],[127.0738202,37.2917251]]]},"properties":{"id":"way/1311865343","building":"apartments","name":"3006","levels":null,"height":70,"heightSource":"estimated"}},{"type":"Feature","id":"way/1311865344","geometry":{"type":"Polygon","coordinates":[[[127.073419,37.291197],[127.0733253,37.291204],[127.0733284,37.2912252],[127.073258,37.2912334],[127.0732527,37.2912082],[127.073221,37.2912124],[127.0732107,37.2911499],[127.0732411,37.2911459],[127.0732382,37.2911257],[127.0733426,37.2911114],[127.0733573,37.2910809],[127.0733438,37.291077],[127.0733704,37.2910203],[127.0733597,37.2910171],[127.0733863,37.2909636],[127.0734623,37.2909838],[127.0734671,37.290973],[127.0735626,37.2910002],[127.0735576,37.2910104],[127.0736338,37.2910322],[127.0736065,37.291089],[127.0735945,37.2910861],[127.0735692,37.2911395],[127.0735558,37.2911361],[127.0735422,37.291166],[127.0736208,37.2912103],[127.0736071,37.2912247],[127.0736313,37.2912393],[127.0735792,37.2912902],[127.0735565,37.2912766],[127.073539,37.2912925],[127.0734772,37.2912562],[127.0734919,37.2912395],[127.073419,37.291197]]]},"properties":{"id":"way/1311865344","building":"apartments","name":"3007","levels":null,"height":70,"heightSource":"estimated"}},{"type":"Feature","id":"way/1311865346","geometry":{"type":"Polygon","coordinates":[[[127.0726031,37.292049],[127.0724439,37.2920799],[127.0724526,37.2921141],[127.0723695,37.2921301],[127.0723594,37.2920959],[127.0722347,37.2921215],[127.0722132,37.2920479],[127.0722655,37.2920372],[127.0722628,37.2920287],[127.0724935,37.2919828],[127.0724962,37.2919914],[127.0725481,37.2919827],[127.0725854,37.2919402],[127.0725746,37.2919348],[127.0726269,37.2918793],[127.0727248,37.2919263],[127.0727141,37.2919407],[127.0727839,37.2919743],[127.0727758,37.291985],[127.0728214,37.2920052],[127.0727839,37.2920543],[127.0727597,37.2920436],[127.0727376,37.2920741],[127.0726742,37.2920436],[127.0726518,37.2920719],[127.0726031,37.292049]]]},"properties":{"id":"way/1311865346","building":"apartments","name":"3004","levels":null,"height":70,"heightSource":"estimated"}},{"type":"Feature","id":"way/1311865347","geometry":{"type":"Polygon","coordinates":[[[127.0724157,37.2913875],[127.0722565,37.2914184],[127.0722652,37.2914526],[127.072182,37.2914686],[127.072172,37.2914344],[127.0720473,37.29146],[127.0720258,37.2913864],[127.0720781,37.2913758],[127.0720754,37.2913672],[127.0723061,37.2913213],[127.0723088,37.2913299],[127.0723607,37.2913212],[127.072398,37.2912787],[127.0723872,37.2912733],[127.0724395,37.2912178],[127.0725374,37.2912648],[127.0725267,37.2912792],[127.0725964,37.2913128],[127.0725884,37.2913235],[127.072634,37.2913437],[127.0725964,37.2913928],[127.0725723,37.2913822],[127.0725502,37.2914126],[127.0724868,37.2913822],[127.0724643,37.2914104],[127.0724157,37.2913875]]]},"properties":{"id":"way/1311865347","building":"apartments","name":"3003","levels":null,"height":70,"heightSource":"estimated"}},{"type":"Feature","id":"way/1311865348","geometry":{"type":"Polygon","coordinates":[[[127.0729977,37.2904304],[127.0729248,37.2903879],[127.0728311,37.2903949],[127.0728341,37.2904161],[127.0727638,37.2904243],[127.0727585,37.2903991],[127.0727268,37.2904033],[127.0727164,37.2903408],[127.0727469,37.2903368],[127.072744,37.2903166],[127.0728484,37.2903023],[127.0728631,37.2902718],[127.0728496,37.2902679],[127.0728762,37.2902111],[127.0728655,37.290208],[127.0728921,37.2901545],[127.072968,37.2901746],[127.0729729,37.2901639],[127.0730684,37.2901911],[127.0730634,37.2902013],[127.0731396,37.2902231],[127.0731123,37.2902799],[127.0731002,37.290277],[127.073075,37.2903304],[127.0730616,37.290327],[127.0730479,37.2903569],[127.0731266,37.2904012],[127.0731129,37.2904156],[127.0731371,37.2904302],[127.073085,37.2904811],[127.0730623,37.2904675],[127.0730448,37.2904834],[127.072983,37.2904471],[127.0729977,37.2904304]]]},"properties":{"id":"way/1311865348","building":"apartments","name":"3008","levels":null,"height":70,"heightSource":"estimated"}},{"type":"Feature","id":"way/1311865350","geometry":{"type":"Polygon","coordinates":[[[127.0722172,37.2906982],[127.072058,37.2907292],[127.0720667,37.2907633],[127.0719836,37.2907793],[127.0719735,37.2907452],[127.0718488,37.2907708],[127.0718273,37.2906972],[127.0718796,37.2906865],[127.0718769,37.290678],[127.0721076,37.2906321],[127.0721103,37.2906406],[127.0721622,37.2906319],[127.0721995,37.2905894],[127.0721887,37.2905841],[127.072241,37.2905286],[127.0723389,37.2905755],[127.0723282,37.2905899],[127.072398,37.2906236],[127.0723899,37.2906342],[127.0724355,37.2906545],[127.072398,37.2907036],[127.0723738,37.2906929],[127.0723517,37.2907233],[127.0722883,37.2906929],[127.0722659,37.2907212],[127.0722172,37.2906982]]]},"properties":{"id":"way/1311865350","building":"apartments","name":"3002","levels":null,"height":70,"heightSource":"estimated"}},{"type":"Feature","id":"way/1311865351","geometry":{"type":"Polygon","coordinates":[[[127.0723874,37.2899356],[127.0722986,37.2899603],[127.072308,37.2899803],[127.0722423,37.2900018],[127.0722295,37.2899783],[127.0721999,37.2899885],[127.072171,37.2899298],[127.0721993,37.2899201],[127.0721904,37.2899011],[127.0722928,37.2898671],[127.0722973,37.2898313],[127.072283,37.28983],[127.0722926,37.2897699],[127.0722813,37.2897688],[127.0722916,37.2897118],[127.0723714,37.2897175],[127.072373,37.2897062],[127.0724738,37.2897152],[127.0724719,37.289726],[127.0725524,37.2897333],[127.0725422,37.2897936],[127.0725296,37.2897929],[127.0725205,37.2898495],[127.0725064,37.2898487],[127.0725003,37.2898819],[127.0725874,37.2899098],[127.0725784,37.2899264],[127.0726063,37.2899359],[127.0725712,37.2899954],[127.0725451,37.2899865],[127.0725329,37.2900053],[127.0724619,37.2899819],[127.0724711,37.2899629],[127.0723874,37.2899356]]]},"properties":{"id":"way/1311865351","building":"apartments","name":"3009","levels":null,"height":70,"heightSource":"estimated"}},{"type":"Feature","id":"way/1311865352","geometry":{"type":"Polygon","coordinates":[[[127.0717145,37.2901274],[127.0716567,37.2901553],[127.071668,37.2901716],[127.0715955,37.290204],[127.0715842,37.290189],[127.0715375,37.2902113],[127.0714958,37.290153],[127.0715443,37.2901299],[127.0715377,37.2901201],[127.0716403,37.2900752],[127.0716621,37.2900264],[127.07165,37.2900235],[127.071682,37.289959],[127.071792,37.2899836],[127.0717864,37.2899998],[127.0718649,37.2900175],[127.0718607,37.2900295],[127.0719114,37.2900395],[127.0718915,37.2900947],[127.0718646,37.2900895],[127.0718534,37.2901235],[127.0717822,37.2901075],[127.0717699,37.2901395],[127.0717145,37.2901274]]]},"properties":{"id":"way/1311865352","building":"apartments","name":"3001","levels":null,"height":70,"heightSource":"estimated"}},{"type":"Feature","id":"way/1311865353","geometry":{"type":"Polygon","coordinates":[[[127.071543,37.2895696],[127.0714371,37.2896688],[127.0714143,37.2896539],[127.0713942,37.289672],[127.0713513,37.2896443],[127.0713674,37.2896283],[127.0713419,37.2896112],[127.0714572,37.2895061],[127.0714492,37.2894746],[127.0714317,37.2894778],[127.0714183,37.2894224],[127.0713995,37.2894256],[127.0713808,37.2893519],[127.0713969,37.2893487],[127.0713928,37.2893327],[127.0716396,37.2892858],[127.0716443,37.2893031],[127.0716659,37.2892999],[127.0716856,37.2893737],[127.0716666,37.2893775],[127.0716826,37.2894381],[127.0716658,37.2894401],[127.0716728,37.2894688],[127.0718386,37.2895219],[127.0718274,37.289545],[127.0718493,37.2895523],[127.0718274,37.2895949],[127.0718045,37.2895876],[127.0717921,37.2896108],[127.0716208,37.2895557],[127.0716275,37.2895397],[127.0715913,37.2895248],[127.0715739,37.2895269],[127.0715578,37.2895301],[127.0715269,37.2895589],[127.071543,37.2895696]]]},"properties":{"id":"way/1311865353","building":"apartments","name":"3010","levels":null,"height":70,"heightSource":"estimated"}},{"type":"Feature","id":"way/1316677305","geometry":{"type":"Polygon","coordinates":[[[127.0614707,37.2742486],[127.0616296,37.2740277],[127.0621446,37.2742572],[127.0622009,37.2741825],[127.0623618,37.2742513],[127.0623457,37.2742908],[127.0625999,37.2744028],[127.062681,37.274564],[127.0622089,37.2746958],[127.062166,37.2745976],[127.061759,37.2744151],[127.0611951,37.2745789],[127.0611602,37.2746494],[127.0612098,37.2747475],[127.0609778,37.2748158],[127.0608813,37.2748404],[127.0607525,37.2747806],[127.0605862,37.2747081],[127.0604441,37.2744231],[127.0604789,37.2743655],[127.060723,37.2744615],[127.0607887,37.2744391],[127.0608303,37.2743666],[127.0609054,37.2743954],[127.0609644,37.2743164],[127.0611012,37.2743602],[127.0614707,37.2742486]]]},"properties":{"id":"way/1316677305","building":"yes","name":null,"levels":0,"height":12,"heightSource":"estimated"}},{"type":"Feature","id":"way/1347881616","geometry":{"type":"Polygon","coordinates":[[[127.0599695,37.2713298],[127.0602264,37.2708802],[127.0606607,37.2710771],[127.0605813,37.2711812],[127.0603151,37.2710548],[127.060105,37.2713893],[127.0599695,37.2713298]]]},"properties":{"id":"way/1347881616","building":"apartments","name":"101","levels":null,"height":70,"heightSource":"estimated"}},{"type":"Feature","id":"way/1347881617","geometry":{"type":"Polygon","coordinates":[[[127.0588861,37.2716476],[127.0591429,37.2713466],[127.0597921,37.271629],[127.0597127,37.2717331],[127.0592457,37.2715101],[127.0590589,37.2717405],[127.0588861,37.2716476]]]},"properties":{"id":"way/1347881617","building":"apartments","name":"102","levels":null,"height":70,"heightSource":"estimated"}},{"type":"Feature","id":"way/1347881618","geometry":{"type":"Polygon","coordinates":[[[127.0593952,37.2727245],[127.059652,37.2724235],[127.0603011,37.2727059],[127.0602217,37.27281],[127.0597425,37.2726032],[127.0595679,37.2728174],[127.0593952,37.2727245]]]},"properties":{"id":"way/1347881618","building":"apartments","name":"103","levels":null,"height":70,"heightSource":"estimated"}},{"type":"Feature","id":"way/1347881619","geometry":{"type":"Polygon","coordinates":[[[127.0606206,37.2724975],[127.0608035,37.2722193],[127.0609377,37.2722775],[127.0610231,37.2721675],[127.0612263,37.2722646],[127.0611247,37.272436],[127.0609499,37.2723713],[127.0608035,37.2725784],[127.0606206,37.2724975]]]},"properties":{"id":"way/1347881619","building":"apartments","name":"104","levels":null,"height":70,"heightSource":"estimated"}},{"type":"Feature","id":"way/1371196557","geometry":{"type":"Polygon","coordinates":[[[127.0664042,37.2765384],[127.0665983,37.2764987],[127.0666305,37.2765974],[127.0664391,37.2766463],[127.0664042,37.2765384]]]},"properties":{"id":"way/1371196557","building":"yes","name":null,"levels":null,"height":12,"heightSource":"estimated"}},{"type":"Feature","id":"way/1371196558","geometry":{"type":"Polygon","coordinates":[[[127.0595772,37.2828502],[127.0595654,37.282976],[127.0594651,37.2831102],[127.0594757,37.2829572],[127.0595772,37.2828502]]]},"properties":{"id":"way/1371196558","building":"yes","name":null,"levels":null,"height":12,"heightSource":"estimated"}},{"type":"Feature","id":"way/1433358221","geometry":{"type":"Polygon","coordinates":[[[127.0574656,37.2739831],[127.057992,37.2739333],[127.057999,37.2739906],[127.058046,37.2739888],[127.058056,37.2739986],[127.058053,37.2740574],[127.0580067,37.2740611],[127.0580226,37.2741734],[127.058022,37.2741934],[127.0579917,37.2743016],[127.0576927,37.2743157],[127.0576827,37.2742593],[127.0576688,37.2742642],[127.0576234,37.2742636],[127.0575779,37.2742507],[127.0575425,37.2742299],[127.0575125,37.2742011],[127.0574824,37.2741208],[127.0574656,37.2739831]]]},"properties":{"id":"way/1433358221","building":"yes","name":null,"levels":null,"height":12,"heightSource":"estimated"}},{"type":"Feature","id":"way/588121832","geometry":{"type":"Polygon","coordinates":[[[127.0668266,37.2775123],[127.0668119,37.2775123],[127.0667971,37.2775113],[127.0667904,37.2775006],[127.0668012,37.2774942],[127.0668159,37.2774931],[127.0668266,37.2775038],[127.0668266,37.2775123]]]},"properties":{"id":"way/588121832","building":"yes","name":null,"levels":null,"height":12,"heightSource":"estimated"}}]}