{"type":"FeatureCollection","features":[{"type":"Feature","properties":{"id":"way/357813636/park/0","highway":"footway","name":"공원 산책길","surface":"paved"},"geometry":{"type":"LineString","coordinates":[[127.07771091947873,37.2932614811684],[127.0778089,37.2930224]]},"bbox":[127.07771091947873,37.2930224,127.0778089,37.2932614811684],"id":"way/357813636/park/0"},{"type":"Feature","id":"way/403306682/park/0","geometry":{"type":"LineString","coordinates":[[127.0660102,37.2759777],[127.0654998,37.2757931],[127.0651096,37.2756712],[127.0647235,37.2755697],[127.0644743,37.275542]]},"properties":{"id":"way/403306682/park/0","highway":"path","name":"공원 산책길","surface":"paving_stones"}},{"type":"Feature","id":"way/403306684/park/0","geometry":{"type":"LineString","coordinates":[[127.05976,37.2814676],[127.0598181,37.2813168],[127.0600196,37.2808954]]},"properties":{"id":"way/403306684/park/0","highway":"footway","name":"공원 산책길","surface":"wood"}},{"type":"Feature","id":"way/403306685/park/0","geometry":{"type":"LineString","coordinates":[[127.0611042,37.2778695],[127.060852,37.2783216],[127.0606774,37.2786901]]},"properties":{"id":"way/403306685/park/0","highway":"footway","name":"공원 산책길","surface":null}},{"type":"Feature","id":"way/403306686/park/0","geometry":{"type":"LineString","coordinates":[[127.0600791,37.2824811],[127.06015,37.2826212],[127.0602247,37.2827532],[127.0603633,37.2830073]]},"properties":{"id":"way/403306686/park/0","highway":"footway","name":"공원 산책길","surface":"paving_stones"}},{"type":"Feature","properties":{"id":"way/403308844/park/0","highway":"path","name":"공원 산책길","surface":null},"geometry":{"type":"LineString","coordinates":[[127.0632364,37.2753753],[127.0630146,37.2754084],[127.0624246,37.2755449],[127.0621493,37.2756236],[127.0617877,37.2757432],[127.0612434,37.2759609],[127.0608664,37.2761525],[127.0606644328058,37.27626025452794]]},"bbox":[127.0606644328058,37.2753753,127.0632364,37.27626025452794],"id":"way/403308844/park/0"},{"type":"Feature","id":"way/403308845/park/0","geometry":{"type":"LineString","coordinates":[[127.0655535,37.276616],[127.065296,37.276648],[127.0652316,37.2766374],[127.0651834,37.2766139],[127.0651257,37.276584],[127.0650922,37.2765605],[127.0650466,37.2765178],[127.0649983,37.2764581],[127.0649548,37.2763993],[127.0648087,37.2762197],[127.0647295,37.2761465],[127.0646814,37.276102],[127.0645372,37.2759877],[127.0643823,37.2758798],[127.0642461,37.2758026],[127.0640481,37.2757257],[127.0639927,37.2757042],[127.0637486,37.2756382],[127.0635206,37.2755979],[127.0632933,37.2755557],[127.0630434,37.2755573]]},"properties":{"id":"way/403308845/park/0","highway":"footway","name":"공원 산책길","surface":null}},{"type":"Feature","id":"way/403311158/park/0","geometry":{"type":"LineString","coordinates":[[127.0648354,37.2811708],[127.0648634,37.2812129],[127.0648827,37.281236],[127.0649085,37.2812583],[127.0649321,37.2812715],[127.0649573,37.2812899],[127.0649834,37.281314],[127.065004,37.2813435],[127.0650547,37.2814475],[127.0651032,37.2815717],[127.0651237,37.281604],[127.0651513,37.2816266],[127.0651946,37.2816383],[127.0652696,37.2816524],[127.0653276,37.2816623],[127.065378,37.2816762],[127.0654341,37.281697],[127.065482,37.2817225],[127.0655447,37.2817604],[127.0656162,37.2818034],[127.0656735,37.2818408],[127.065738,37.2818767],[127.0657875,37.2819026],[127.0658413,37.281924],[127.0659007,37.2819386],[127.0659433,37.2819482],[127.0659991,37.2819518],[127.0660672,37.2819502],[127.0661471,37.2819471],[127.0662115,37.2819444],[127.0662544,37.2819475],[127.0663386,37.2819714],[127.0664007,37.2819994],[127.0664627,37.2820299],[127.0665188,37.2820618],[127.066554,37.2820811],[127.0665835,37.2821073],[127.0666248,37.2821626],[127.0666526,37.2822234],[127.0666737,37.2822698],[127.066699,37.2823303],[127.0668225,37.2825606],[127.0668487,37.282609],[127.0668718,37.2826561],[127.0668891,37.2827036],[127.0668935,37.2827374],[127.0668923,37.2827745],[127.0668889,37.2828182],[127.0668814,37.2828469],[127.0668653,37.2828848],[127.0668487,37.282912],[127.0668273,37.2829463],[127.0668035,37.2829721],[127.0667738,37.2829983],[127.0667417,37.2830225],[127.0667076,37.2830395],[127.0666414,37.2830543],[127.0666109,37.2830675],[127.0665475,37.2830898],[127.066526,37.2831072],[127.0665113,37.2831455],[127.0665017,37.2832055],[127.0665273,37.2832332],[127.0665836,37.2832503],[127.0666386,37.2832503],[127.0667499,37.2832076],[127.0668586,37.2831521],[127.0669498,37.283135],[127.0670731,37.2831297],[127.0672728,37.283161],[127.0675825,37.2832054],[127.0677016,37.2832295],[127.0677558,37.2832459],[127.0678392,37.2832684],[127.0679352,37.283313],[127.0680908,37.2834319],[127.0681469,37.2834476],[127.0682115,37.2834488],[127.0682848,37.2834329],[127.0683835,37.2834116],[127.0685464,37.2833733],[127.0686567,37.2833095],[127.0687436,37.2832248]]},"properties":{"id":"way/403311158/park/0","highway":"path","name":"공원 산책길","surface":"paved"}},{"type":"Feature","id":"way/403452663/park/0","geometry":{"type":"LineString","coordinates":[[127.0680908,37.2834319],[127.0680811,37.2835068],[127.0680659,37.2835775],[127.0680063,37.2837002],[127.067997,37.2837409],[127.0679936,37.2837761],[127.0679933,37.2838098],[127.0679943,37.2838424],[127.0680001,37.2838836],[127.0680042,37.2839872],[127.0680074,37.284136],[127.0680413,37.2843343],[127.06815,37.2844803],[127.0682278,37.2845361],[127.0683221,37.2845718],[127.0684136,37.2846457],[127.0684676,37.2846973],[127.0685202,37.2847772],[127.068556,37.2848985]]},"properties":{"id":"way/403452663/park/0","highway":"path","name":"공원 산책길","surface":"paved"}},{"type":"Feature","id":"way/461641133/park/0","geometry":{"type":"LineString","coordinates":[[127.0694293,37.2882752],[127.069447,37.2882985]]},"properties":{"id":"way/461641133/park/0","highway":"footway","name":"공원 산책길","surface":null}},{"type":"Feature","id":"way/461641134/park/0","geometry":{"type":"LineString","coordinates":[[127.0699074,37.2887131],[127.0699414,37.2886424],[127.0699455,37.2885668],[127.0699192,37.2884941],[127.0698652,37.2884318],[127.0697891,37.2883863],[127.0696987,37.2883625],[127.0696036,37.2883627],[127.0695136,37.288387],[127.0694347,37.2884355],[127.0693806,37.2885021],[127.0693574,37.2885792],[127.0693677,37.288658],[127.0694103,37.2887296],[127.0694804,37.2887859],[127.0695701,37.2888205],[127.0696691,37.2888293],[127.0697662,37.2888115],[127.0698468,37.2887714],[127.0699074,37.2887131]]},"properties":{"id":"way/461641134/park/0","highway":"footway","name":"공원 산책길","surface":null}},{"type":"Feature","id":"way/461641135/park/0","geometry":{"type":"LineString","coordinates":[[127.0701373,37.2890575],[127.0701776,37.2888943],[127.0703096,37.2888649],[127.0704486,37.2888407]]},"properties":{"id":"way/461641135/park/0","highway":"footway","name":"공원 산책길","surface":null}},{"type":"Feature","id":"way/461641136/park/0","geometry":{"type":"LineString","coordinates":[[127.0710039,37.2889163],[127.0709419,37.2889938],[127.0709018,37.2890257],[127.0708527,37.289052],[127.0707451,37.2890853],[127.0706298,37.2890901],[127.0705183,37.2890662],[127.0704218,37.2890158],[127.0703499,37.288944],[127.0703096,37.2888649],[127.0703065,37.2887578],[127.0703462,37.2886628],[127.0704241,37.2885841],[127.0705309,37.2885311],[127.070654,37.28851],[127.0707788,37.2885234],[127.0708899,37.2885674],[127.0709758,37.2886434],[127.0710247,37.2887357],[127.0710324,37.2888273],[127.0710039,37.2889163]]},"properties":{"id":"way/461641136/park/0","highway":"footway","name":"공원 산책길","surface":null}},{"type":"Feature","id":"way/461641137/park/0","geometry":{"type":"LineString","coordinates":[[127.0708966,37.2888176],[127.07088,37.2888732],[127.0708424,37.2889218],[127.0707875,37.2889586],[127.0707209,37.28898],[127.0706492,37.2889837],[127.0705797,37.2889694],[127.0705193,37.2889385],[127.0704741,37.2888941],[127.0704486,37.2888407],[127.0704461,37.2887789],[127.07047,37.28872],[127.0705176,37.288671],[127.0705831,37.2886377],[127.0706589,37.288624],[127.0707361,37.2886315],[127.0708056,37.2886592],[127.0708592,37.2887041],[127.0708906,37.2887607],[127.0708966,37.2888176]]},"properties":{"id":"way/461641137/park/0","highway":"footway","name":"공원 산책길","surface":null}},{"type":"Feature","id":"way/461641138/park/0","geometry":{"type":"LineString","coordinates":[[127.0712443,37.2883355],[127.0712484,37.2883858],[127.0712309,37.2884343],[127.0711937,37.2884753],[127.0711414,37.2885039],[127.07108,37.2885167],[127.0710168,37.2885122],[127.0709593,37.2884911],[127.070917,37.2884588],[127.0708894,37.2884177],[127.0708794,37.2883717],[127.070888,37.2883256],[127.0709144,37.2882838],[127.0709558,37.2882508],[127.071008,37.2882298],[127.071066,37.2882227],[127.0711238,37.2882306],[127.0711757,37.2882524],[127.0712191,37.2882892],[127.0712443,37.2883355]]},"properties":{"id":"way/461641138/park/0","highway":"footway","name":"공원 산책길","surface":null}},{"type":"Feature","id":"way/461641139/park/0","geometry":{"type":"LineString","coordinates":[[127.0709593,37.2884911],[127.0708899,37.2885674]]},"properties":{"id":"way/461641139/park/0","highway":"footway","name":"공원 산책길","surface":null}},{"type":"Feature","id":"way/461641140/park/0","geometry":{"type":"LineString","coordinates":[[127.0700813,37.2880162],[127.0700001,37.2879732]]},"properties":{"id":"way/461641140/park/0","highway":"footway","name":"공원 산책길","surface":null}},{"type":"Feature","id":"way/461641141/park/0","geometry":{"type":"LineString","coordinates":[[127.0705106,37.2881141],[127.0704968,37.2880566],[127.0704613,37.2880053],[127.0704075,37.2879653],[127.0703409,37.2879405],[127.0702678,37.2879334],[127.0701956,37.2879447],[127.0701313,37.2879732],[127.0700813,37.2880162],[127.0700486,37.2880753],[127.0700431,37.2881397],[127.0700656,37.2882017],[127.0701133,37.288254],[127.0701806,37.2882901],[127.0702593,37.2883059],[127.07034,37.2882993],[127.0704131,37.2882713],[127.0704698,37.2882251],[127.0705013,37.2881722],[127.0705106,37.2881141]]},"properties":{"id":"way/461641141/park/0","highway":"footway","name":"공원 산책길","surface":null}},{"type":"Feature","id":"way/461641142/park/0","geometry":{"type":"LineString","coordinates":[[127.0710969,37.2876308],[127.0711212,37.2875444],[127.0711105,37.2874562],[127.0710657,37.287375],[127.0709914,37.287309],[127.070895,37.2872647],[127.070786,37.2872465],[127.0706753,37.2872562],[127.0705739,37.2872929],[127.0704856,37.2873594],[127.070431,37.2874458],[127.0704164,37.2875418],[127.0704436,37.287636],[127.0705093,37.2877174],[127.0706059,37.2877761],[127.0707218,37.2878053],[127.0708432,37.2878015],[127.0709559,37.2877652],[127.0710399,37.287707],[127.0710969,37.2876308]]},"properties":{"id":"way/461641142/park/0","highway":"footway","name":"공원 산책길","surface":null}},{"type":"Feature","id":"way/461696070/park/0","geometry":{"type":"LineString","coordinates":[[127.0722002,37.2882514],[127.0721814,37.2881415],[127.0721579,37.2880695],[127.0721083,37.2880028],[127.0720178,37.2879398],[127.0719199,37.2878795],[127.0717999,37.2877856],[127.0717576,37.2877414],[127.0717106,37.287691],[127.0716671,37.2876256],[127.0716215,37.2875338],[127.0715947,37.2874389],[127.0715729,37.2873399]]},"properties":{"id":"way/461696070/park/0","highway":"footway","name":"정다운 다리","surface":null}},{"type":"Feature","id":"way/491438458/park/0","geometry":{"type":"LineString","coordinates":[[127.0642461,37.2758026],[127.0641122,37.2758075],[127.0637601,37.2758205],[127.0634762,37.2758347],[127.0633333,37.2758542],[127.0632461,37.2758661],[127.0631015,37.2758966],[127.0630745,37.2759033],[127.0629623,37.2759314],[127.0627107,37.276001]]},"properties":{"id":"way/491438458/park/0","highway":"footway","name":"공원 산책길","surface":null}},{"type":"Feature","id":"way/491438460/park/0","geometry":{"type":"LineString","coordinates":[[127.0610855,37.2783538],[127.0608281,37.2785568],[127.0606774,37.2786901]]},"properties":{"id":"way/491438460/park/0","highway":"footway","name":"공원 산책길","surface":null}},{"type":"Feature","properties":{"id":"way/491438462/park/0","highway":"footway","name":"공원 산책길","surface":null},"geometry":{"type":"LineString","coordinates":[[127.06030926417071,37.27770459744501],[127.0603277,37.2776748],[127.0603769,37.2774745],[127.0604206,37.2773449],[127.0607242,37.2768171],[127.0613912,37.2762106]]},"bbox":[127.06030926417071,37.2762106,127.0613912,37.27770459744501],"id":"way/491438462/park/0"},{"type":"Feature","id":"way/491438463/park/0","geometry":{"type":"LineString","coordinates":[[127.0639306,37.2753315],[127.0634752,37.2754009],[127.0630268,37.2754723],[127.0623724,37.2756573],[127.0617113,37.27596],[127.0613912,37.2762106],[127.0610229,37.2767132],[127.0609015,37.276951],[127.0607216,37.2772492],[127.0605109,37.277532]]},"properties":{"id":"way/491438463/park/0","highway":"footway","name":"공원 산책길","surface":"paving_stones"}},{"type":"Feature","id":"way/491438465/park/0","geometry":{"type":"LineString","coordinates":[[127.0605998,37.2783133],[127.0605481,37.2780483],[127.0605141,37.2779215],[127.0605026,37.2778349],[127.0604983,37.2776857],[127.0605109,37.277532],[127.0605653,37.277226],[127.0607242,37.2768171],[127.060931,37.276455],[127.0610836,37.2762235],[127.0614613,37.2758166],[127.0616937,37.2755565]]},"properties":{"id":"way/491438465/park/0","highway":"footway","name":"공원 산책길","surface":null}},{"type":"Feature","id":"way/491438470/park/0","geometry":{"type":"LineString","coordinates":[[127.0623878,37.2762143],[127.0621497,37.2762924],[127.0619116,37.2763748],[127.0618091,37.2764161],[127.0617174,37.2764617],[127.061593,37.2765315],[127.0614461,37.27662]]},"properties":{"id":"way/491438470/park/0","highway":"footway","name":"공원 산책길","surface":"wood"}},{"type":"Feature","id":"way/491438511/park/0","geometry":{"type":"LineString","coordinates":[[127.0635789,37.2862886],[127.0635717,37.2861142],[127.0635943,37.2858613],[127.0635843,37.2857272],[127.0635668,37.2856391],[127.0635424,37.2855569],[127.0635232,37.2855007],[127.0635232,37.2854473],[127.0635299,37.2853993],[127.0635366,37.2853513],[127.0635447,37.2853065],[127.0635527,37.2852307],[127.063542,37.2851272],[127.0635286,37.2850248],[127.0634884,37.2849213],[127.0634615,37.2848722],[127.0634253,37.28479],[127.0633918,37.2846919],[127.063373,37.2846129],[127.0633757,37.2845531],[127.0633891,37.2844688],[127.0634334,37.2843536],[127.0634642,37.28428],[127.0634776,37.2841626],[127.0634723,37.2840922],[127.0634421,37.2839561],[127.0633955,37.2838042],[127.0632812,37.2835939],[127.0632557,37.2835298],[127.0632436,37.2834632],[127.063261,37.2834002],[127.06331,37.2833356],[127.063485,37.2832167],[127.0639249,37.282943],[127.0641475,37.2828736],[127.064338,37.2827995],[127.0643923,37.2827728],[127.0644432,37.2827328],[127.0644882,37.2826869],[127.0645193,37.282647],[127.0645642,37.2825834],[127.064601,37.282519],[127.0646236,37.2824673],[127.0646444,37.2824084],[127.0646572,37.2823208],[127.0646538,37.282179],[127.064653,37.2821054],[127.0646569,37.2820265],[127.0646722,37.2818894],[127.064699,37.2817731],[127.0647112,37.2817064],[127.0647203,37.2816444],[127.0647505,37.2814334],[127.0647619,37.2813804],[127.0647794,37.2813214],[127.0648082,37.281229],[127.0648154,37.2812095],[127.0648354,37.2811708],[127.0648673,37.2811022],[127.0649073,37.2810496],[127.0649364,37.2810169],[127.0649837,37.2809771],[127.0650741,37.2809382],[127.0651797,37.2808875],[127.0652432,37.2808542],[127.0653138,37.2808117],[127.0653591,37.2807634],[127.0653937,37.2807265],[127.0654125,37.2807071],[127.0654497,37.280655],[127.065476,37.2806022],[127.0655005,37.280544],[127.0655357,37.2804624],[127.0655727,37.280356],[127.0656017,37.2802773],[127.0656451,37.2801904],[127.0660457,37.2795431],[127.0661373,37.2793842],[127.0661593,37.2793277],[127.0661763,37.2792617],[127.0661889,37.2792107],[127.0661777,37.2788357],[127.0661719,37.2785845],[127.0661711,37.2785493],[127.0661781,37.2783212],[127.0661852,37.2782383],[127.0662046,37.2781153],[127.0662221,37.278027],[127.0662513,37.2779577],[127.0662805,37.2778842],[127.0663189,37.2777933],[127.0663359,37.2777195],[127.066343,37.2776529],[127.0663459,37.2775872],[127.0663435,37.2775513],[127.0663278,37.2775221],[127.0663019,37.277481],[127.0662768,37.2774456],[127.0662535,37.2774091],[127.0662338,37.2773573],[127.0662211,37.2773135],[127.0662173,37.27726],[127.0662149,37.2772171],[127.0662101,37.2771655],[127.0661865,37.2770606],[127.0661792,37.277028],[127.0660861,37.2766759],[127.0660534,37.2765627],[127.0660417,37.2764276],[127.0660388,37.2763626],[127.0660356,37.2762335],[127.0660346,37.2761662],[127.0660372,37.2760723],[127.0660496,37.2759914],[127.0660102,37.2759777]]},"properties":{"id":"way/491438511/park/0","highway":"path","name":"공원 산책길","surface":"paved"},"bbox":[127.0632436,37.2759777,127.0663459,37.2862886]},{"type":"Feature","properties":{"id":"way/491438515/park/0","highway":"footway","name":"공원 산책길","surface":null},"geometry":{"type":"LineString","coordinates":[[127.06612022781871,37.27484394067872],[127.066071,37.2749508],[127.0659539,37.2751605],[127.0658883,37.2752627],[127.0657679,37.27546],[127.0656061,37.2757459],[127.0655198,37.2759196],[127.0654812,37.2760452],[127.0654727,37.2761186],[127.0654684,37.2761554],[127.0654697,37.276235],[127.0654965,37.2763542],[127.0655535,37.276616]]},"bbox":[127.0654684,37.27484394067872,127.06612022781871,37.276616],"id":"way/491438515/park/0"},{"type":"Feature","properties":{"id":"way/491438518/park/0","highway":"path","name":"공원 산책길","surface":null},"geometry":{"type":"LineString","coordinates":[[127.0690107,37.2828525],[127.0688314,37.282809],[127.0681077,37.2824208],[127.0675955,37.2820327],[127.0674491,37.2818645],[127.0674395,37.2818051],[127.0674166,37.2816639],[127.0677418,37.280894],[127.0679858,37.2803829],[127.06809075339865,37.28025764461105]]},"bbox":[127.0674166,37.28025764461105,127.0690107,37.2828525],"id":"way/491438518/park/0"},{"type":"Feature","id":"way/491449613/park/0","geometry":{"type":"LineString","coordinates":[[127.0765054,37.2916442],[127.0764616,37.2917475],[127.0763791,37.2919313],[127.0763784,37.2919785],[127.0763998,37.2920613],[127.0764944,37.2922695]]},"properties":{"id":"way/491449613/park/0","highway":"footway","name":"공원 산책길","surface":null}},{"type":"Feature","id":"way/491449616/park/0","geometry":{"type":"LineString","coordinates":[[127.0723096,37.2835743],[127.0724155,37.2836494],[127.0726312,37.2837963],[127.0729531,37.2838266],[127.0736624,37.2836228],[127.0739515,37.2837524],[127.0739881,37.2837707],[127.0744349,37.2839949],[127.0746493,37.2843773],[127.0752039,37.2849774],[127.0755884,37.2850951],[127.0761878,37.2853461]]},"properties":{"id":"way/491449616/park/0","highway":"footway","name":"공원 산책길","surface":null}},{"type":"Feature","id":"way/579330928/park/0","geometry":{"type":"LineString","coordinates":[[127.0639306,37.2753315],[127.0641641,37.2753287],[127.0641928,37.2753298],[127.0643378,37.2753416],[127.0644829,37.275362],[127.0646551,37.2753995],[127.0648117,37.2754337],[127.0651781,37.275525],[127.0654757,37.2755992]]},"properties":{"id":"way/579330928/park/0","highway":"footway","name":"공원 산책길","surface":"paving_stones"}},{"type":"Feature","id":"way/579330929/park/0","geometry":{"type":"LineString","coordinates":[[127.0614461,37.27662],[127.0611428,37.2767943],[127.0609015,37.276951]]},"properties":{"id":"way/579330929/park/0","highway":"footway","name":"공원 산책길","surface":"paving_stones"}},{"type":"Feature","id":"way/579330930/park/0","geometry":{"type":"LineString","coordinates":[[127.0627107,37.276001],[127.0625614,37.2760483],[127.0624108,37.2761048],[127.0622014,37.2762035],[127.0620726,37.2762764],[127.0619116,37.2763748],[127.0616373,37.2766193],[127.0615246,37.2767431],[127.0614361,37.276852],[127.061365,37.2769491],[127.0613134,37.2770275],[127.0612832,37.2770804],[127.0612201,37.2771989],[127.0611081,37.2774416],[127.0610548,37.2775908],[127.0610041,37.2777314],[127.0609674,37.2778523],[127.0609415,37.2779518],[127.0609075,37.2780898],[127.060852,37.2783216],[127.0608374,37.2784478],[127.0608281,37.2785568],[127.0608146,37.2788792]]},"properties":{"id":"way/579330930/park/0","highway":"footway","name":"공원 산책길","surface":"wood"}},{"type":"Feature","id":"way/579330931/park/0","geometry":{"type":"LineString","coordinates":[[127.0619116,37.2763748],[127.0621631,37.276568]]},"properties":{"id":"way/579330931/park/0","highway":"footway","name":"공원 산책길","surface":"wood"}},{"type":"Feature","id":"way/579330932/park/0","geometry":{"type":"LineString","coordinates":[[127.0606774,37.2786901],[127.0604656,37.2792496]]},"properties":{"id":"way/579330932/park/0","highway":"footway","name":"공원 산책길","surface":null}},{"type":"Feature","id":"way/579330933/park/0","geometry":{"type":"LineString","coordinates":[[127.0606774,37.2786901],[127.0604346,37.2789684],[127.0603228,37.2790964],[127.0602325,37.2791818],[127.0598674,37.2796841],[127.0597611,37.2798702],[127.0596646,37.2800837],[127.0595948,37.2802587],[127.0595251,37.2804678],[127.0594768,37.2806599],[127.0594393,37.2809373],[127.0594124,37.2811337],[127.05939,37.2813651],[127.0593977,37.2814815],[127.0594017,37.281855],[127.0594178,37.2819745],[127.0594285,37.2820556],[127.0594554,37.2821581],[127.0594929,37.2822946],[127.0595105,37.2823559],[127.0595519,37.2824995],[127.0596095,37.2826859],[127.059627,37.2827257],[127.0597236,37.2829306]]},"properties":{"id":"way/579330933/park/0","highway":"footway","name":"공원 산책길","surface":"paving_stones"}},{"type":"Feature","id":"way/579330934/park/0","geometry":{"type":"LineString","coordinates":[[127.0604656,37.2792496],[127.0604439,37.2793069],[127.0603879,37.2794721],[127.0603211,37.2796843],[127.0602704,37.2798751],[127.0602198,37.2800745],[127.0600855,37.280753],[127.0600464,37.2812598],[127.060036,37.2814879],[127.0600374,37.2817652],[127.0600791,37.2824811],[127.0601074,37.2827877],[127.0601437,37.2830485],[127.0601987,37.2833403],[127.0602735,37.2836856]]},"properties":{"id":"way/579330934/park/0","highway":"footway","name":"공원 산책길","surface":"wood"}},{"type":"Feature","id":"way/579330935/park/0","geometry":{"type":"LineString","coordinates":[[127.0600196,37.2808954],[127.0600855,37.280753],[127.0604824,37.2801034]]},"properties":{"id":"way/579330935/park/0","highway":"footway","name":"공원 산책길","surface":"wood"}},{"type":"Feature","id":"way/579330936/park/0","geometry":{"type":"LineString","coordinates":[[127.0600791,37.2824811],[127.0599957,37.2823138],[127.0599351,37.2821689],[127.0598927,37.2820697],[127.0598597,37.2819757],[127.0598325,37.2818681],[127.0597811,37.2816772]]},"properties":{"id":"way/579330936/park/0","highway":"footway","name":"공원 산책길","surface":"paving_stones"}},{"type":"Feature","id":"way/579330937/park/0","geometry":{"type":"LineString","coordinates":[[127.0597811,37.2816772],[127.0597518,37.2815347]]},"properties":{"id":"way/579330937/park/0","highway":"footway","name":"공원 산책길","surface":"paving_stones"}},{"type":"Feature","id":"way/579330940/park/0","geometry":{"type":"LineString","coordinates":[[127.0610192,37.2850608],[127.0608313,37.2848913],[127.0607354,37.2848032],[127.0605819,37.284648],[127.0604746,37.2845349],[127.0603861,37.2844261],[127.060311,37.2843258],[127.0602252,37.2841913],[127.0600752,37.2839506]]},"properties":{"id":"way/579330940/park/0","highway":"footway","name":"공원 산책길","surface":"concrete:plates"}},{"type":"Feature","id":"way/579330941/park/0","geometry":{"type":"LineString","coordinates":[[127.0602735,37.2836856],[127.0602922,37.2837699],[127.0600669,37.2839246],[127.0594232,37.2844165],[127.0593293,37.2843375],[127.0593066,37.2840913],[127.0593064,37.2839994],[127.0593413,37.2838799],[127.0593397,37.2838165],[127.0593359,37.2836708],[127.0593262,37.2834034]]},"properties":{"id":"way/579330941/park/0","highway":"footway","name":"공원 산책길","surface":"wood"}},{"type":"Feature","properties":{"id":"way/579330943/park/0","highway":"footway","name":"공원 산책길","surface":null},"geometry":{"type":"LineString","coordinates":[[127.0611387356297,37.28691345748125],[127.0611401,37.286908],[127.061126,37.2867589],[127.0611387,37.2866874],[127.0611723,37.2866023]]},"bbox":[127.061126,37.2866023,127.0611723,37.28691345748125],"id":"way/579330943/park/0"},{"type":"Feature","id":"way/579330945/park/0","geometry":{"type":"LineString","coordinates":[[127.0614453,37.2855066],[127.0614992,37.2854303]]},"properties":{"id":"way/579330945/park/0","highway":"footway","name":"공원 산책길","surface":"paving_stones"}},{"type":"Feature","id":"way/579330947/park/0","geometry":{"type":"LineString","coordinates":[[127.0611843,37.2865111],[127.0615451,37.2865186]]},"properties":{"id":"way/579330947/park/0","highway":"footway","name":"공원 산책길","surface":null}},{"type":"Feature","id":"way/587265738/park/0","geometry":{"type":"LineString","coordinates":[[127.0644451,37.2755388],[127.0643111,37.2755236],[127.0641949,37.2755145],[127.064067,37.2755002],[127.0639405,37.2754881],[127.0638233,37.2754828],[127.0637035,37.275484],[127.063411,37.2755063],[127.0630434,37.2755573],[127.0629242,37.2755817],[127.0628934,37.275588],[127.0626332,37.2756526],[127.0624159,37.2757342],[127.0622383,37.2758305],[127.0619752,37.2759917],[127.0617549,37.2761658],[127.0615427,37.2763474],[127.0614216,37.276465],[127.0611428,37.2767943],[127.0609722,37.2770605],[127.0608938,37.2772177],[127.0608314,37.2773663],[127.0606926,37.2777199],[127.0605481,37.2780483],[127.0603146,37.2788379],[127.0602325,37.2791818],[127.0601175,37.2795731],[127.060044,37.2798499],[127.0599804,37.2801078],[127.0599328,37.2803145],[127.0598957,37.2805138],[127.0598263,37.2808923],[127.0597824,37.2811501],[127.05976,37.2814676],[127.0597518,37.2815347],[127.0597225,37.281723],[127.0597092,37.2819241],[127.0596987,37.2821343],[127.0596958,37.2823686],[127.0596943,37.2825454],[127.0597036,37.2827394],[127.0597236,37.2829306],[127.0597544,37.2831304],[127.0597861,37.2832888],[127.0598178,37.2834087],[127.0598584,37.2835176],[127.059931,37.283682],[127.0600669,37.2839246],[127.0600752,37.2839506]]},"properties":{"id":"way/587265738/park/0","highway":"footway","name":"공원 산책길","surface":"paving_stones"}},{"type":"Feature","id":"way/587265739/park/0","geometry":{"type":"LineString","coordinates":[[127.0651781,37.275525],[127.0651941,37.2756001],[127.0651941,37.2756492],[127.0651914,37.2756726],[127.0651673,37.2757772],[127.0651539,37.2758156],[127.0651217,37.2758647],[127.0650734,37.2759138],[127.0650224,37.2759565],[127.0649473,37.2760056],[127.0648776,37.2760504],[127.0648079,37.2760952],[127.0647295,37.2761465]]},"properties":{"id":"way/587265739/park/0","highway":"footway","name":"공원 산책길","surface":null}},{"type":"Feature","id":"way/587265740/park/0","geometry":{"type":"LineString","coordinates":[[127.0650224,37.2759565],[127.0651244,37.2759864],[127.0651887,37.276012],[127.0652343,37.2760398],[127.0652799,37.2760803],[127.0653094,37.2761251],[127.0653156,37.2761491],[127.0653255,37.276187],[127.0653336,37.276251],[127.0653282,37.2763151],[127.0653094,37.2763748],[127.0652772,37.2764389],[127.0652504,37.2764837],[127.0652182,37.2765178],[127.0651753,37.276552],[127.0651257,37.276584]]},"properties":{"id":"way/587265740/park/0","highway":"footway","name":"공원 산책길","surface":null}},{"type":"Feature","properties":{"id":"way/587265741/park/0","highway":"footway","name":"공원 산책길","surface":null},"geometry":{"type":"LineString","coordinates":[[127.0655535,37.276616],[127.0655646,37.2765668],[127.0656045,37.2765061],[127.0656152,37.2764463],[127.0656098,37.276361],[127.0656179,37.2762842],[127.0656099,37.2761966],[127.0656045,37.2761005],[127.0656006,37.2760482],[127.0656098,37.2759875],[127.065626,37.2759341],[127.0656795,37.2757719],[127.0657279,37.2756694],[127.0657627,37.2755969],[127.0658029,37.2755201],[127.0658512,37.2754496],[127.0658861,37.2753942],[127.065921,37.275328],[127.0659478,37.2752767],[127.0659539,37.2751605],[127.0660041,37.2751359],[127.066047,37.2751039],[127.0660819,37.2750633],[127.06615155641288,37.2749332087435]]},"bbox":[127.0655535,37.2749332087435,127.06615155641288,37.276616],"id":"way/587265741/park/0"},{"type":"Feature","properties":{"id":"way/587265742/park/0","highway":"path","name":"공원 산책길","surface":null},"geometry":{"type":"LineString","coordinates":[[127.0658744,37.276602],[127.0659264,37.2765967],[127.0659245,37.2765002],[127.0659126,37.2761602],[127.06592,37.2760665],[127.0659812,37.2759067],[127.0660326,37.2758211],[127.066219,37.2754783],[127.06629369576696,37.275338222291275]]},"bbox":[127.0658744,37.275338222291275,127.06629369576696,37.276602],"id":"way/587265742/park/0"},{"type":"Feature","id":"way/587265746/park/0","geometry":{"type":"LineString","coordinates":[[127.0659245,37.2765002],[127.0659599,37.276497],[127.0659921,37.2769868],[127.0660336,37.2769836],[127.0660122,37.2766944],[127.0660861,37.2766759]]},"properties":{"id":"way/587265746/park/0","highway":"footway","name":"공원 산책길","surface":null}},{"type":"Feature","id":"way/587265749/park/0","geometry":{"type":"LineString","coordinates":[[127.0654803,37.2774398],[127.0648929,37.276735],[127.0641122,37.2758075],[127.0640481,37.2757257]]},"properties":{"id":"way/587265749/park/0","highway":"footway","name":"공원 산책길","surface":null}},{"type":"Feature","id":"way/587266149/park/0","geometry":{"type":"LineString","coordinates":[[127.0622383,37.2758305],[127.0623877,37.2758578],[127.0624561,37.2758588],[127.0625285,37.2758524],[127.0625915,37.2758407],[127.0626613,37.2758236],[127.0627243,37.2758076],[127.0627914,37.2757927],[127.0628597,37.2757927],[127.062876,37.2757954],[127.0629174,37.2758023],[127.0629657,37.2758119],[127.0630006,37.2758268],[127.0630247,37.275846],[127.0630435,37.2758652],[127.0630745,37.2759033]]},"properties":{"id":"way/587266149/park/0","highway":"footway","name":"공원 산책길","surface":null}},{"type":"Feature","id":"way/587266150/park/0","geometry":{"type":"LineString","coordinates":[[127.0629242,37.2755817],[127.0629362,37.2756433],[127.0629416,37.2756849],[127.0629429,37.2757094],[127.0629442,37.2757393]]},"properties":{"id":"way/587266150/park/0","highway":"footway","name":"공원 산책길","surface":null}},{"type":"Feature","id":"way/587266151/park/0","geometry":{"type":"LineString","coordinates":[[127.062876,37.2757954],[127.062896,37.2757767],[127.0629161,37.2757596],[127.0629442,37.2757393],[127.0629804,37.2757329],[127.0630448,37.2757265],[127.0631065,37.2757223],[127.0631521,37.2757212],[127.0631803,37.2757287],[127.0632125,37.2757479],[127.0632621,37.2757873],[127.0632943,37.275814],[127.0633333,37.2758542]]},"properties":{"id":"way/587266151/park/0","highway":"footway","name":"공원 산책길","surface":null}},{"type":"Feature","id":"way/587853168/park/0","geometry":{"type":"LineString","coordinates":[[127.0642778,37.2749308],[127.0642617,37.2749726],[127.0641858,37.275158],[127.0641724,37.2752519],[127.0641641,37.2753287]]},"properties":{"id":"way/587853168/park/0","highway":"footway","name":"공원 산책길","surface":null}},{"type":"Feature","id":"way/587853169/park/0","geometry":{"type":"LineString","coordinates":[[127.0650935,37.2751669],[127.0651713,37.2751925],[127.0652303,37.2752053],[127.0652813,37.2752074],[127.0653403,37.2751861],[127.0653752,37.2751562],[127.0653939,37.2751114],[127.0654073,37.2750431],[127.0655265,37.2750764],[127.0655575,37.2750111],[127.0656165,37.2750431],[127.0656541,37.2750879],[127.0656809,37.2751391],[127.0656863,37.2751733],[127.0656729,37.275201],[127.0656514,37.2752352],[127.0656407,37.2752715],[127.065638,37.2753184],[127.0656101,37.275444]]},"properties":{"id":"way/587853169/park/0","highway":"footway","name":"공원 산책길","surface":null}},{"type":"Feature","id":"way/587853170/park/0","geometry":{"type":"LineString","coordinates":[[127.0646551,37.2753995],[127.0650039,37.2753949],[127.0651487,37.2754056],[127.0652989,37.2754163],[127.0655147,37.2754355]]},"properties":{"id":"way/587853170/park/0","highway":"footway","name":"공원 산책길","surface":"gravel"}},{"type":"Feature","id":"way/587853171/park/0","geometry":{"type":"LineString","coordinates":[[127.0655147,37.2754355],[127.0656101,37.275444],[127.0657679,37.27546]]},"properties":{"id":"way/587853171/park/0","highway":"footway","name":"공원 산책길","surface":null}},{"type":"Feature","id":"way/587853173/park/0","geometry":{"type":"LineString","coordinates":[[127.0656101,37.275444],[127.0655752,37.2755742],[127.0654143,37.2759114],[127.0653901,37.2759605],[127.0653767,37.2760032],[127.0653687,37.276048],[127.0653687,37.2761078],[127.0654727,37.2761186]]},"properties":{"id":"way/587853173/park/0","highway":"footway","name":"공원 산책길","surface":null}},{"type":"Feature","id":"way/587853174/park/0","geometry":{"type":"LineString","coordinates":[[127.0653687,37.2761078],[127.0653156,37.2761491]]},"properties":{"id":"way/587853174/park/0","highway":"footway","name":"공원 산책길","surface":null}},{"type":"Feature","id":"way/587853179/park/0","geometry":{"type":"LineString","coordinates":[[127.0638633,37.2749296],[127.063852,37.2749664]]},"properties":{"id":"way/587853179/park/0","highway":"footway","name":"공원 산책길","surface":null}},{"type":"Feature","id":"way/587853180/park/0","geometry":{"type":"LineString","coordinates":[[127.0637091,37.2748966],[127.0635923,37.2748711],[127.0635205,37.2748575]]},"properties":{"id":"way/587853180/park/0","highway":"footway","name":"공원 산책길","surface":null}},{"type":"Feature","id":"way/587853181/park/0","geometry":{"type":"LineString","coordinates":[[127.0635923,37.2748711],[127.063575,37.2749211]]},"properties":{"id":"way/587853181/park/0","highway":"footway","name":"공원 산책길","surface":null}},{"type":"Feature","id":"way/587853188/park/0","geometry":{"type":"LineString","coordinates":[[127.0625377,37.2749234],[127.0625405,37.2749338],[127.0625438,37.2749462]]},"properties":{"id":"way/587853188/park/0","highway":"footway","name":"공원 산책길","surface":"paving_stones"}},{"type":"Feature","id":"way/587853197/park/0","geometry":{"type":"LineString","coordinates":[[127.0620836,37.2750678],[127.0620877,37.2750774],[127.0625405,37.2749338]]},"properties":{"id":"way/587853197/park/0","highway":"footway","name":"공원 산책길","surface":null}},{"type":"Feature","id":"way/587854720/park/0","geometry":{"type":"LineString","coordinates":[[127.0615994,37.2752372],[127.0616363,37.2752208],[127.0617006,37.2753188],[127.0617301,37.2753082],[127.0618306,37.2754544],[127.0619563,37.2756388]]},"properties":{"id":"way/587854720/park/0","highway":"footway","name":"공원 산책길","surface":null}},{"type":"Feature","properties":{"id":"way/587854721/park/0","highway":"footway","name":"공원 산책길","surface":null},"geometry":{"type":"LineString","coordinates":[[127.06069848791539,37.27586768823315],[127.0608433,37.2758198],[127.0616937,37.2755565],[127.0618306,37.2754544],[127.0623811,37.2750865],[127.0625675,37.2750301],[127.0625591,37.2750039]]},"bbox":[127.06069848791539,37.2750039,127.0625675,37.27586768823315],"id":"way/587854721/park/0"},{"type":"Feature","id":"way/587854723/park/0","geometry":{"type":"LineString","coordinates":[[127.0623811,37.2750865],[127.0618245,37.2752414],[127.0617301,37.2753082]]},"properties":{"id":"way/587854723/park/0","highway":"footway","name":"공원 산책길","surface":null}},{"type":"Feature","properties":{"id":"way/588113454/park/0","highway":"footway","name":"공원 산책길","surface":null},"geometry":{"type":"LineString","coordinates":[[127.06649244338045,37.27600657800933],[127.0664673,37.276008]]},"bbox":[127.0664673,37.27600657800933,127.06649244338045,37.276008],"id":"way/588113454/park/0"},{"type":"Feature","id":"way/588113460/park/0","geometry":{"type":"LineString","coordinates":[[127.0664731,37.276033],[127.0664673,37.276008],[127.0664603,37.2759791]]},"properties":{"id":"way/588113460/park/0","highway":"footway","name":"공원 산책길","surface":null}},{"type":"Feature","properties":{"id":"way/588121817/park/0","highway":"footway","name":"공원 산책길","surface":null},"geometry":{"type":"LineString","coordinates":[[127.0660496,37.2759914],[127.0661692,37.2758715],[127.0662658,37.2758406],[127.0664257,37.2758145],[127.06644025010135,37.27581148250739]]},"bbox":[127.0660496,37.27581148250739,127.06644025010135,37.2759914],"id":"way/588121817/park/0"},{"type":"Feature","properties":{"id":"way/588121837/park/0","highway":"footway","name":"공원 산책길","surface":null},"geometry":{"type":"LineString","coordinates":[[127.06170277458574,37.287171948794146],[127.0616926,37.2870777],[127.0616893,37.287035],[127.0616832,37.2869881],[127.0616598,37.2869358],[127.0616631,37.2869038],[127.0616788,37.2868588],[127.0616983,37.2868203],[127.0616983,37.2867777],[127.0616889,37.2867196],[127.0616553,37.2866843],[127.061624,37.286597],[127.061596,37.2865887]]},"bbox":[127.061596,37.2865887,127.06170277458574,37.287171948794146],"id":"way/588121837/park/0"},{"type":"Feature","id":"way/588125520/park/0","geometry":{"type":"LineString","coordinates":[[127.0653937,37.2807265],[127.0652978,37.2807526],[127.0652321,37.2807558],[127.065159,37.2807372],[127.0650591,37.2806976],[127.0648791,37.2806301],[127.0647908,37.2806224],[127.0646406,37.2806352]]},"properties":{"id":"way/588125520/park/0","highway":"footway","name":"공원 산책길","surface":null}},{"type":"Feature","id":"way/588125521/park/0","geometry":{"type":"LineString","coordinates":[[127.0647908,37.2805136],[127.0647104,37.2805648],[127.0646406,37.2806352],[127.0645682,37.280695],[127.064528,37.2807419],[127.0644878,37.2807932],[127.0644556,37.280838],[127.0644234,37.2808977],[127.0644046,37.2809511],[127.0643912,37.2810066],[127.0643858,37.2810599],[127.0643831,37.2811176],[127.0643912,37.2811688],[127.0644073,37.2812371],[127.0644426,37.2813696],[127.0645468,37.2817599],[127.0646722,37.2818894]]},"properties":{"id":"way/588125521/park/0","highway":"footway","name":"공원 산책길","surface":null}},{"type":"Feature","id":"way/588125523/park/0","geometry":{"type":"LineString","coordinates":[[127.0644426,37.2813696],[127.0644918,37.2813187],[127.0645159,37.2812803],[127.0645347,37.281244],[127.0645481,37.2812099],[127.0645615,37.2811608],[127.064571,37.2811314],[127.0645857,37.2810839],[127.0646312,37.2809196],[127.06465,37.2808812],[127.0646822,37.2808406],[127.0647251,37.2808129],[127.0647707,37.280798],[127.0648271,37.2807916],[127.0649343,37.2807873],[127.0650309,37.2807894],[127.0651006,37.2808022],[127.0651516,37.280815],[127.0651959,37.2808328],[127.0652432,37.2808542]]},"properties":{"id":"way/588125523/park/0","highway":"footway","name":"공원 산책길","surface":null}},{"type":"Feature","id":"way/588125524/park/0","geometry":{"type":"LineString","coordinates":[[127.0645857,37.2810839],[127.0645985,37.281134],[127.0646017,37.2811693],[127.0646044,37.2812269],[127.0645937,37.2812632],[127.0645857,37.2813038],[127.0645803,37.2813486],[127.0645857,37.2813891],[127.0645964,37.2814425],[127.0646017,37.2814958],[127.0646098,37.281562],[127.0646272,37.2816495],[127.064699,37.2817731]]},"properties":{"id":"way/588125524/park/0","highway":"footway","name":"공원 산책길","surface":null}},{"type":"Feature","id":"way/588125526/park/0","geometry":{"type":"LineString","coordinates":[[127.0653937,37.2807265],[127.0654305,37.2807446],[127.0654869,37.2807937],[127.0655325,37.2808406],[127.0655566,37.2808833],[127.0655727,37.2809239],[127.0655727,37.280958],[127.0655593,37.2809858],[127.0655325,37.2810114],[127.0655191,37.2810413],[127.0655298,37.2810733],[127.0655512,37.281101],[127.0655727,37.281133],[127.0655808,37.281165],[127.0655754,37.2812013],[127.065562,37.2812269],[127.0655378,37.2812504],[127.0655083,37.2812675]]},"properties":{"id":"way/588125526/park/0","highway":"footway","name":"공원 산책길","surface":null}},{"type":"Feature","id":"way/588125531/park/0","geometry":{"type":"LineString","coordinates":[[127.0654668,37.2815001],[127.0654976,37.2814692],[127.0655177,37.2814403],[127.0655338,37.2814105],[127.0655432,37.2813913],[127.0655459,37.2813646],[127.0655445,37.2813411],[127.0655405,37.2813166],[127.0655284,37.2812899],[127.0655083,37.2812675],[127.0654829,37.2812504],[127.0654533,37.2812419],[127.0654131,37.2812376],[127.0653662,37.2812376],[127.0653313,37.2812451],[127.0653005,37.2812515],[127.065271,37.2812547],[127.0652455,37.2812483],[127.0651784,37.2812227],[127.0651489,37.2812067],[127.0651248,37.2811906],[127.0651006,37.2811693],[127.0650859,37.281148],[127.0650738,37.281117],[127.0650738,37.2810925],[127.0650819,37.2810605],[127.0650966,37.2810242],[127.0651047,37.2809911],[127.0650926,37.2809666],[127.0650741,37.2809382]]},"properties":{"id":"way/588125531/park/0","highway":"footway","name":"공원 산책길","surface":null}},{"type":"Feature","id":"way/588166294/park/0","geometry":{"type":"LineString","coordinates":[[127.0646444,37.2824084],[127.0647047,37.2824116],[127.0647557,37.2824415],[127.0647959,37.2824788],[127.0648415,37.2825001],[127.0649046,37.2825193],[127.0649743,37.2825258],[127.0650521,37.282546],[127.0651191,37.2825663],[127.0651889,37.2826047],[127.0652613,37.2826314],[127.0653069,37.2826645],[127.0653712,37.282705]]},"properties":{"id":"way/588166294/park/0","highway":"footway","name":"공원 산책길","surface":null}},{"type":"Feature","id":"way/588166295/park/0","geometry":{"type":"LineString","coordinates":[[127.0657606,37.2820559],[127.0658706,37.2821316],[127.0659135,37.28217],[127.0659457,37.2822106],[127.0659698,37.2822575],[127.0659913,37.2823151],[127.066002,37.2823727],[127.065994,37.282424],[127.0659779,37.2824709],[127.0659537,37.2825157],[127.0659242,37.2825499],[127.0658759,37.2825862],[127.0658384,37.2826075],[127.0657928,37.2826224],[127.0657365,37.2826331],[127.0656828,37.2826395],[127.0656399,37.2826374],[127.0655943,37.2826374],[127.0655362,37.2826453],[127.065475,37.2826534],[127.0654347,37.2826694],[127.0654012,37.2826854],[127.0653712,37.282705],[127.0653558,37.2827343],[127.065333,37.2827664],[127.065266,37.282823],[127.0651681,37.2829019],[127.0650937,37.282935],[127.06504,37.282959],[127.0649347,37.2829803],[127.0648422,37.2829995],[127.0647916,37.2829647]]},"properties":{"id":"way/588166295/park/0","highway":"footway","name":"공원 산책길","surface":null}},{"type":"Feature","id":"way/588995849/park/0","geometry":{"type":"LineString","coordinates":[[127.0648422,37.2829995],[127.0648295,37.2830241],[127.0648053,37.2830523],[127.0647477,37.2830998],[127.0647047,37.2831377],[127.0646672,37.2831708],[127.064641,37.2832081],[127.0646317,37.2832535],[127.064627,37.2832908],[127.0646283,37.2833255],[127.0646303,37.2833607],[127.0646464,37.2834093],[127.0647052,37.2835128],[127.0647347,37.2835448],[127.0647642,37.283564],[127.0648044,37.2835747],[127.0648473,37.2835704],[127.0649064,37.283564],[127.064968,37.283564],[127.0650083,37.2835576],[127.0650485,37.283547],[127.0651236,37.2835384],[127.0652041,37.2835363],[127.0653141,37.2835406],[127.0653704,37.2835427],[127.0654374,37.2835427],[127.0655286,37.2835406],[127.065585,37.2835363],[127.0656279,37.2835427],[127.0656574,37.2835598],[127.0656842,37.2835747],[127.0657083,37.2835896],[127.0657405,37.2835939],[127.0657991,37.2836067]]},"properties":{"id":"way/588995849/park/0","highway":"footway","name":"공원 산책길","surface":null}},{"type":"Feature","id":"way/589001695/park/0","geometry":{"type":"LineString","coordinates":[[127.0665017,37.2832055],[127.0663847,37.2831114],[127.0662906,37.2830431],[127.0662446,37.2830284],[127.0662017,37.283022],[127.0661213,37.2830177],[127.0660834,37.2830475],[127.0660485,37.2830774],[127.066011,37.28315],[127.0659091,37.2833719],[127.0657991,37.2836067],[127.0657873,37.2836526],[127.0657773,37.2837081],[127.0657806,37.2837796],[127.0657779,37.2838159],[127.0657511,37.2838564],[127.0657055,37.2838884]]},"properties":{"id":"way/589001695/park/0","highway":"footway","name":"공원 산책길","surface":null}},{"type":"Feature","id":"way/589001696/park/0","geometry":{"type":"LineString","coordinates":[[127.0672728,37.283161],[127.0671968,37.2834558],[127.0671325,37.2837668],[127.0671311,37.2838287],[127.0671513,37.2838874],[127.0671821,37.2839439],[127.0672505,37.2839983],[127.0672934,37.2840218],[127.0673269,37.2840196],[127.0673778,37.284009],[127.0674584,37.283977],[127.067571,37.283914],[127.0676609,37.283881],[127.0677252,37.2838735],[127.0678365,37.283898],[127.0680042,37.2839872]]},"properties":{"id":"way/589001696/park/0","highway":"footway","name":"공원 산책길","surface":null}},{"type":"Feature","properties":{"id":"way/589001697/park/0","highway":"footway","name":"공원 산책길","surface":null},"geometry":{"type":"LineString","coordinates":[[127.0661495,37.278589],[127.0661719,37.2785845],[127.0663217,37.2785538],[127.0665531,37.2784717],[127.0666073,37.2784741],[127.0666515,37.2784872],[127.066683,37.2785214],[127.0667015,37.2785599],[127.0667172,37.2786112],[127.0667245,37.2786622],[127.0667202,37.2786963],[127.0666939,37.2787282],[127.0666303,37.2787655],[127.0665828,37.2788029],[127.0665093,37.2788776],[127.0664384,37.2789605],[127.0664084,37.2790172],[127.0664014,37.2790712],[127.0664167,37.2791302],[127.0664432,37.2791896],[127.0665073,37.2792619],[127.0666091,37.2793428],[127.0666657,37.2793721],[127.0667981,37.2794122],[127.066895,37.2793984],[127.067094,37.2793645],[127.0672274,37.2793401],[127.0673198,37.2793453],[127.06741205160766,37.27935243755894]]},"bbox":[127.0661495,37.2784717,127.06741205160766,37.2794122],"id":"way/589001697/park/0"},{"type":"Feature","id":"way/589001700/park/0","geometry":{"type":"LineString","coordinates":[[127.066699,37.2823303],[127.0666472,37.2823548],[127.0666164,37.2823708],[127.0665842,37.2823783],[127.0665534,37.2823761],[127.0665292,37.2823687],[127.0665037,37.2823601],[127.0664715,37.2823559],[127.0664407,37.2823623],[127.0664152,37.2823719],[127.066375,37.2823879]]},"properties":{"id":"way/589001700/park/0","highway":"footway","name":"공원 산책길","surface":null}},{"type":"Feature","id":"way/589165176/park/0","geometry":{"type":"LineString","coordinates":[[127.0699233,37.2833256],[127.0698509,37.2834664]]},"properties":{"id":"way/589165176/park/0","highway":"footway","name":"공원 산책길","surface":null}},{"type":"Feature","id":"way/589165177/park/0","geometry":{"type":"LineString","coordinates":[[127.0696953,37.2837545],[127.0696256,37.2838847],[127.069588,37.2839317],[127.0695451,37.2839786],[127.0694888,37.2840127],[127.0694512,37.2840448],[127.0694164,37.2840896],[127.0693976,37.2841387],[127.0693815,37.2841856],[127.0693815,37.2842368],[127.0693815,37.284271],[127.069352,37.2842902],[127.0693278,37.2843137],[127.0693198,37.2843393],[127.0693379,37.2844172],[127.0693594,37.2844892]]},"properties":{"id":"way/589165177/park/0","highway":"footway","name":"공원 산책길","surface":null}},{"type":"Feature","id":"way/589165178/park/0","geometry":{"type":"LineString","coordinates":[[127.0698509,37.2834664],[127.0696953,37.2837545]]},"properties":{"id":"way/589165178/park/0","highway":"footway","name":"공원 산책길","surface":null}},{"type":"Feature","id":"way/589165179/park/0","geometry":{"type":"LineString","coordinates":[[127.0693815,37.284271],[127.0694029,37.2843094],[127.0694029,37.2843499],[127.0694003,37.2843926],[127.0693922,37.284431],[127.0693594,37.2844892]]},"properties":{"id":"way/589165179/park/0","highway":"footway","name":"공원 산책길","surface":null}},{"type":"Feature","id":"way/589165184/park/0","geometry":{"type":"LineString","coordinates":[[127.0680061,37.2855772],[127.0679903,37.2853981],[127.0680061,37.2853248],[127.0680464,37.2852243],[127.0681687,37.2850734],[127.0683445,37.2849611],[127.068556,37.2848985],[127.0687971,37.2848941],[127.0690261,37.2849545],[127.069216,37.2850728],[127.0693448,37.2852351],[127.0693973,37.2854225],[127.0693673,37.285613],[127.0692583,37.2857842],[127.0690833,37.2859163],[127.0688779,37.2859905],[127.0688112,37.2860054],[127.0686536,37.2860093],[127.0684535,37.2859743],[127.0684332,37.2859708],[127.0682395,37.285879],[127.0680921,37.285743],[127.0680061,37.2855772]]},"properties":{"id":"way/589165184/park/0","highway":"footway","name":"공원 산책길","surface":null}},{"type":"Feature","id":"way/589165189/park/0","geometry":{"type":"LineString","coordinates":[[127.06815,37.2844803],[127.0680885,37.2845014],[127.0680429,37.2845164],[127.0680161,37.284542],[127.0679839,37.2845804],[127.0679464,37.284621],[127.0679195,37.284653],[127.0678874,37.284685],[127.0678444,37.2847084],[127.0677747,37.2847511],[127.067713,37.2847938],[127.0676889,37.2848152],[127.0676728,37.2848386],[127.0676728,37.2848685],[127.0677345,37.2850328],[127.0677398,37.2850584],[127.0677261,37.2851538],[127.0677103,37.2852633],[127.0676942,37.2852868],[127.0676701,37.2853081],[127.0673965,37.2854788],[127.0673643,37.2855023],[127.0673375,37.2855301],[127.067316,37.2855706],[127.0672999,37.2856176],[127.0672973,37.2856794],[127.0673053,37.2857605],[127.0673268,37.2858566],[127.0673616,37.2859291],[127.0674019,37.2859867],[127.0674421,37.2860123],[127.0675065,37.286038],[127.0675548,37.2860465],[127.0676138,37.2860444],[127.067662,37.2860316],[127.067705,37.2860081],[127.0677425,37.2859825],[127.0677908,37.2859462],[127.067823,37.2859142],[127.0678552,37.2858886],[127.0678874,37.2858715],[127.0679195,37.2858672],[127.0679678,37.2858736],[127.0680134,37.2858886],[127.0680832,37.2859355],[127.0683018,37.2861041],[127.0682387,37.2862705],[127.0682333,37.2863677]]},"properties":{"id":"way/589165189/park/0","highway":"footway","name":"공원 산책길","surface":null}},{"type":"Feature","id":"way/589165194/park/0","geometry":{"type":"LineString","coordinates":[[127.0684535,37.2859743],[127.0682333,37.2863677],[127.0680558,37.2866351],[127.0674603,37.2875778],[127.0674689,37.2876609],[127.0674179,37.2877505],[127.067312,37.2878028],[127.0671306,37.2880641],[127.0671135,37.2880888]]},"properties":{"id":"way/589165194/park/0","highway":"footway","name":"공원 산책길","surface":null}},{"type":"Feature","id":"way/589165196/park/0","geometry":{"type":"LineString","coordinates":[[127.0680558,37.2866351],[127.0680899,37.286699],[127.068106,37.2867268],[127.0681435,37.2867758],[127.0681784,37.28681],[127.0682428,37.286859],[127.0683152,37.2868974],[127.0683849,37.2869145],[127.0684653,37.2869231],[127.0685244,37.2869241],[127.0685794,37.2869231],[127.0687268,37.2869027]]},"properties":{"id":"way/589165196/park/0","highway":"footway","name":"공원 산책길","surface":null}},{"type":"Feature","id":"way/589165199/park/0","geometry":{"type":"LineString","coordinates":[[127.0679045,37.2850413],[127.0678914,37.2850835],[127.067878,37.2851198],[127.0678511,37.2851518],[127.0678243,37.2851945],[127.0678029,37.2852628],[127.067776,37.2853268],[127.0677373,37.2855109]]},"properties":{"id":"way/589165199/park/0","highway":"footway","name":"공원 산책길","surface":null}},{"type":"Feature","id":"way/589165201/park/0","geometry":{"type":"LineString","coordinates":[[127.0678029,37.2852628],[127.0680061,37.2853248]]},"properties":{"id":"way/589165201/park/0","highway":"footway","name":"공원 산책길","surface":null}},{"type":"Feature","id":"way/589165203/park/0","geometry":{"type":"LineString","coordinates":[[127.0677261,37.2851538],[127.0678243,37.2851945]]},"properties":{"id":"way/589165203/park/0","highway":"footway","name":"공원 산책길","surface":null}},{"type":"Feature","id":"way/589165205/park/0","geometry":{"type":"LineString","coordinates":[[127.0676942,37.2852868],[127.067776,37.2853268]]},"properties":{"id":"way/589165205/park/0","highway":"footway","name":"공원 산책길","surface":null}},{"type":"Feature","id":"way/589165207/park/0","geometry":{"type":"LineString","coordinates":[[127.0688112,37.2860054],[127.0688313,37.2861291],[127.0688541,37.2862422],[127.0688662,37.2863809],[127.0688716,37.2864951],[127.0688622,37.2865997],[127.0688273,37.2867021],[127.0687884,37.2868002],[127.0687268,37.2869027]]},"properties":{"id":"way/589165207/park/0","highway":"footway","name":"공원 산책길","surface":null}},{"type":"Feature","id":"way/589350941/park/0","geometry":{"type":"LineString","coordinates":[[127.0684002,37.2862635],[127.0683404,37.2863151],[127.0683064,37.2863799],[127.0683023,37.28645],[127.0683285,37.286517],[127.0683821,37.2865729],[127.0684563,37.2866107],[127.0685424,37.2866261],[127.0686215,37.2866192],[127.0686939,37.2865931],[127.0687527,37.2865505],[127.068792,37.2864956],[127.0688081,37.2864336],[127.0687993,37.2863707],[127.0687666,37.2863131],[127.068713,37.2862663],[127.0686439,37.286235],[127.0685661,37.2862223],[127.0684786,37.2862312],[127.0684002,37.2862635]]},"properties":{"id":"way/589350941/park/0","highway":"footway","name":"공원 산책길","surface":null}},{"type":"Feature","id":"way/589350942/park/0","geometry":{"type":"LineString","coordinates":[[127.0680309,37.2847984],[127.0680666,37.2848312],[127.0680878,37.2848712],[127.0680922,37.2849144],[127.0680796,37.2849567],[127.068051,37.2849937],[127.0680094,37.2850218],[127.0679998,37.2850249],[127.0679589,37.2850382],[127.0679045,37.2850413],[127.0678467,37.2850291],[127.0678147,37.2850114],[127.0677976,37.2850019],[127.067763,37.2849632],[127.067747,37.2849173],[127.0677515,37.2848699],[127.0677761,37.2848265],[127.0678177,37.2847923],[127.0678715,37.2847715],[127.0679309,37.2847664],[127.0679841,37.284776],[127.0680309,37.2847984]]},"properties":{"id":"way/589350942/park/0","highway":"footway","name":"공원 산책길","surface":null}},{"type":"Feature","id":"way/589350943/park/0","geometry":{"type":"LineString","coordinates":[[127.0679749,37.2848512],[127.0679925,37.2848673],[127.068003,37.284887],[127.0680051,37.2849083],[127.0679988,37.2849291],[127.0679846,37.2849473],[127.0679763,37.2849528],[127.0679639,37.284961],[127.0679517,37.2849648],[127.0679389,37.2849689],[127.0679121,37.2849701],[127.0678841,37.2849639],[127.0678708,37.2849563],[127.0678604,37.2849505],[127.0678438,37.2849315],[127.0678362,37.2849092],[127.0678371,37.2849005],[127.0678385,37.2848862],[127.0678504,37.2848652],[127.0678706,37.2848485],[127.0678966,37.2848383],[127.0679255,37.2848357],[127.0679355,37.2848374],[127.0679517,37.2848403],[127.0679749,37.2848512]]},"properties":{"id":"way/589350943/park/0","highway":"footway","name":"공원 산책길","surface":null}},{"type":"Feature","id":"way/589350944/park/0","geometry":{"type":"LineString","coordinates":[[127.0678708,37.2849563],[127.0678147,37.2850114]]},"properties":{"id":"way/589350944/park/0","highway":"footway","name":"공원 산책길","surface":null}},{"type":"Feature","id":"way/589350945/park/0","geometry":{"type":"LineString","coordinates":[[127.0679517,37.2849648],[127.0679998,37.2850249]]},"properties":{"id":"way/589350945/park/0","highway":"footway","name":"공원 산책길","surface":null}},{"type":"Feature","id":"way/589350946/park/0","geometry":{"type":"LineString","coordinates":[[127.0679355,37.2848374],[127.0679268,37.2849015],[127.0679763,37.2849528]]},"properties":{"id":"way/589350946/park/0","highway":"footway","name":"공원 산책길","surface":null}},{"type":"Feature","id":"way/589350947/park/0","geometry":{"type":"LineString","coordinates":[[127.0679268,37.2849015],[127.0678371,37.2849005]]},"properties":{"id":"way/589350947/park/0","highway":"footway","name":"공원 산책길","surface":null}},{"type":"Feature","id":"way/589350948/park/0","geometry":{"type":"LineString","coordinates":[[127.0674964,37.2857878],[127.06746,37.2857388],[127.067445,37.2856831],[127.0674531,37.2856265],[127.0674834,37.2855749],[127.0675327,37.2855336],[127.067596,37.2855069],[127.0676639,37.2855019],[127.0677373,37.2855109],[127.0677846,37.2855369],[127.067838,37.2855787],[127.0678781,37.2856336],[127.0678883,37.2856932],[127.0678679,37.2857506],[127.0678247,37.2857993],[127.0677636,37.2858339],[127.0676915,37.2858504],[127.0676167,37.2858468],[127.0675505,37.2858251],[127.0674964,37.2857878]]},"properties":{"id":"way/589350948/park/0","highway":"footway","name":"공원 산책길","surface":null}},{"type":"Feature","id":"way/589350949/park/0","geometry":{"type":"LineString","coordinates":[[127.0678247,37.2857993],[127.0679195,37.2858672]]},"properties":{"id":"way/589350949/park/0","highway":"footway","name":"공원 산책길","surface":null}},{"type":"Feature","id":"way/589351090/park/0","geometry":{"type":"LineString","coordinates":[[127.0595105,37.2823559],[127.0594929,37.282435]]},"properties":{"id":"way/589351090/park/0","highway":"footway","name":"공원 산책길","surface":null}},{"type":"Feature","id":"way/589351091/park/0","geometry":{"type":"LineString","coordinates":[[127.0594929,37.282435],[127.0594416,37.282665],[127.0594067,37.2828251],[127.0593879,37.2829233],[127.0593638,37.2830556],[127.0593423,37.2831986],[127.0593262,37.2834034]]},"properties":{"id":"way/589351091/park/0","highway":"footway","name":"공원 산책길","surface":null}},{"type":"Feature","id":"way/589357578/park/0","geometry":{"type":"LineString","coordinates":[[127.0594554,37.2821581],[127.0593775,37.2824186],[127.0591924,37.2829884],[127.0591254,37.2831933],[127.0590476,37.2834473],[127.05901,37.2834729],[127.0589494,37.2835508],[127.0589139,37.2836419],[127.0589622,37.2836922]]},"properties":{"id":"way/589357578/park/0","highway":"footway","name":"공원 산책길","surface":null}},{"type":"Feature","id":"way/589357579/park/0","geometry":{"type":"LineString","coordinates":[[127.0592425,37.2836512],[127.0592659,37.2836903],[127.059271,37.2837334],[127.0592574,37.2837754],[127.0592266,37.2838111],[127.0591823,37.2838363],[127.0591299,37.2838479],[127.0590756,37.2838447],[127.0590303,37.2838292],[127.0589933,37.2838033],[127.0589682,37.2837695],[127.0589575,37.2837312],[127.0589622,37.2836922],[127.0589819,37.2836563],[127.0590146,37.2836269],[127.0590571,37.2836071],[127.0591053,37.2835987],[127.0591543,37.2836026],[127.0592038,37.2836207],[127.0592425,37.2836512]]},"properties":{"id":"way/589357579/park/0","highway":"footway","name":"공원 산책길","surface":null}},{"type":"Feature","properties":{"id":"way/589357581/park/0","highway":"footway","name":"공원 산책길","surface":null},"geometry":{"type":"LineString","coordinates":[[127.05839785341348,37.28366599286441],[127.0584441,37.2836292],[127.0584816,37.2835929],[127.0585165,37.2835673],[127.0585862,37.2835289],[127.0586372,37.2835011],[127.0586909,37.2834969],[127.0587633,37.2835075],[127.0588035,37.2835203],[127.0588464,37.2835225],[127.0588974,37.283531],[127.0589215,37.283546],[127.0589494,37.2835508]]},"bbox":[127.05839785341348,37.2834969,127.0589494,37.28366599286441],"id":"way/589357581/park/0"},{"type":"Feature","properties":{"id":"way/589357584/park/0","highway":"footway","name":"공원 산책길","surface":null},"geometry":{"type":"LineString","coordinates":[[127.0683253,37.2881627],[127.0682407,37.2881639],[127.0681656,37.2881917],[127.0680905,37.2882258],[127.0680288,37.2882493],[127.0679429,37.2882664],[127.0678813,37.2882898],[127.0678115,37.2883154],[127.0677364,37.288324],[127.0675513,37.2882962],[127.0674789,37.2882706],[127.0674454,37.288197],[127.0673582,37.2881543],[127.0671135,37.2880888],[127.0669735,37.2880519],[127.0668327,37.2880285],[127.0667067,37.2880296],[127.06661562066802,37.2880413031432]]},"bbox":[127.06661562066802,37.2880285,127.0683253,37.288324],"id":"way/589357584/park/0"},{"type":"Feature","id":"way/589631532/park/0","geometry":{"type":"LineString","coordinates":[[127.0681571,37.2886942],[127.068169,37.2887048],[127.0681861,37.2887118],[127.0692456,37.2891475],[127.0693139,37.2891756],[127.0693648,37.2891701],[127.0698295,37.2891208],[127.0699996,37.2891279],[127.0701382,37.289145],[127.070238,37.2891659],[127.070374,37.2892083],[127.0706445,37.2893095],[127.0707006,37.2893217],[127.0707648,37.2893201],[127.0708119,37.2893002],[127.0710193,37.2891834],[127.0710841,37.2891477],[127.0711129,37.2891235],[127.0711724,37.2890325],[127.0712016,37.2889942],[127.071251,37.2889548],[127.0713281,37.288917],[127.0714172,37.2889005],[127.0715134,37.2888949],[127.0715897,37.2888943],[127.0716365,37.2888819],[127.0716999,37.2888592],[127.0717552,37.2888364],[127.0717923,37.2888025],[127.0718288,37.2887546],[127.0718679,37.288713],[127.0719285,37.2886651],[127.0719864,37.2886278],[127.0720729,37.2885742],[127.0721621,37.2885291],[127.0722714,37.2884873],[127.072378,37.2884582],[127.0727065,37.2884135],[127.0727466,37.288408],[127.073072,37.2883522],[127.0731569,37.2883459],[127.0732315,37.2883556],[127.0733008,37.2883823],[127.0734219,37.288484],[127.0734791,37.288569],[127.0735212,37.2886158],[127.0735797,37.2886605],[127.0736707,37.2887341],[127.0737645,37.2888285],[127.073814,37.2888885],[127.0738683,37.2889399],[127.0739384,37.2889997],[127.0739975,37.2890509],[127.0740567,37.2891406],[127.0740717,37.2891934],[127.0740706,37.289235],[127.0740546,37.2892675],[127.0740251,37.2892986],[127.0739822,37.2893148],[127.0739226,37.2893278],[127.0738362,37.2893216],[127.0737491,37.2893145],[127.0736755,37.2893188],[127.0736066,37.289338],[127.0735721,37.2893775],[127.0735457,37.2894213],[127.073536,37.2894692],[127.0735397,37.2895213],[127.0735702,37.2895741],[127.0736168,37.2896268],[127.073676,37.289666],[127.0737324,37.289692],[127.0738049,37.2897138],[127.0738862,37.2897301],[127.0739618,37.2897318],[127.0740319,37.2897207],[127.0741082,37.2897037],[127.0741919,37.2896814],[127.0742246,37.2896622],[127.0742813,37.2897031],[127.0743284,37.2897417],[127.0743586,37.2897748],[127.0743902,37.2898048],[127.0744961,37.2899134],[127.0745316,37.2899418],[127.0745725,37.2899638],[127.0746204,37.2899892],[127.074696,37.290013],[127.0748025,37.2900381],[127.074893,37.290056],[127.0749677,37.2900607],[127.0750424,37.290044],[127.0751126,37.290006],[127.0752211,37.2899718],[127.0752901,37.2899729],[127.0753581,37.2899863],[127.075419,37.2900186],[127.0754905,37.2900872],[127.0756272,37.2902515],[127.0756891,37.2903364],[127.0757317,37.2904055],[127.0757542,37.2904617],[127.0757685,37.2905128],[127.0757823,37.290597],[127.0758029,37.2907303],[127.0758199,37.2908187],[127.0758605,37.290976],[127.0759104,37.2910866],[127.076005,37.2912572],[127.0761104,37.2914213],[127.0761604,37.2915162],[127.0761987,37.2916085],[127.0762153,37.2916749],[127.0762157,37.2917584]]},"properties":{"id":"way/589631532/park/0","highway":"footway","name":"공원 산책길","surface":null}},{"type":"Feature","id":"way/589631535/park/0","geometry":{"type":"LineString","coordinates":[[127.0692208,37.288143],[127.0693089,37.2881265],[127.0693269,37.2882023],[127.0693329,37.2882562]]},"properties":{"id":"way/589631535/park/0","highway":"footway","name":"공원 산책길","surface":null}},{"type":"Feature","id":"way/589631536/park/0","geometry":{"type":"LineString","coordinates":[[127.0683991,37.2874299],[127.0684047,37.2874486],[127.0684351,37.2874667],[127.0684541,37.287486],[127.0684876,37.2875084],[127.0685185,37.2875372],[127.0685413,37.287567]]},"properties":{"id":"way/589631536/park/0","highway":"footway","name":"공원 산책길","surface":null}},{"type":"Feature","id":"way/589631537/park/0","geometry":{"type":"LineString","coordinates":[[127.0685413,37.287567],[127.068507,37.2875939],[127.0684882,37.2876153],[127.0684695,37.2876441],[127.0684614,37.287674],[127.0684581,37.2880698],[127.0688134,37.2880719],[127.0690343,37.2879958],[127.0691547,37.287953],[127.0691507,37.2879394],[127.0691092,37.2878052],[127.0690931,37.2877871],[127.0686559,37.2875598],[127.0686237,37.2875577],[127.0685861,37.2875587],[127.0685413,37.287567]]},"properties":{"id":"way/589631537/park/0","highway":"footway","name":"공원 산책길","surface":null}},{"type":"Feature","id":"way/589631538/park/0","geometry":{"type":"LineString","coordinates":[[127.068354,37.2880683],[127.0684581,37.2880698]]},"properties":{"id":"way/589631538/park/0","highway":"footway","name":"공원 산책길","surface":null}},{"type":"Feature","id":"way/589631540/park/0","geometry":{"type":"LineString","coordinates":[[127.0696274,37.2861422],[127.06972,37.2862482],[127.0697536,37.2864871]]},"properties":{"id":"way/589631540/park/0","highway":"footway","name":"공원 산책길","surface":null}},{"type":"Feature","id":"way/589631541/park/0","geometry":{"type":"LineString","coordinates":[[127.0683991,37.2874299],[127.0685613,37.2874005],[127.0686338,37.2873792],[127.0687062,37.2873579],[127.0688027,37.2873365],[127.0688752,37.2873344],[127.068969,37.2873557],[127.0690227,37.2873621],[127.06913,37.2873472],[127.0691863,37.2873109],[127.0692373,37.2872469],[127.0695108,37.2868564],[127.0695538,37.2867923],[127.0695806,37.2867326],[127.0696154,37.2866622],[127.0696476,37.2865832],[127.0697053,37.2865363],[127.0697536,37.2864871],[127.0697939,37.2864883],[127.0698595,37.2864979],[127.0699642,37.2865298],[127.0700285,37.2865618],[127.0701586,37.2866451],[127.0701734,37.2866835],[127.0701734,37.2867219],[127.0701694,37.2868009],[127.0702015,37.2868617],[127.0702055,37.2869375],[127.0702686,37.2870313],[127.0703042,37.2870714],[127.0703349,37.2870981]]},"properties":{"id":"way/589631541/park/0","highway":"footway","name":"공원 산책길","surface":null}},{"type":"Feature","id":"way/589631544/park/0","geometry":{"type":"LineString","coordinates":[[127.0690343,37.2879958],[127.0690253,37.2880524]]},"properties":{"id":"way/589631544/park/0","highway":"footway","name":"공원 산책길","surface":null}},{"type":"Feature","id":"way/589631545/park/0","geometry":{"type":"LineString","coordinates":[[127.0691547,37.287953],[127.069321,37.2879047],[127.0695645,37.2878988],[127.0696128,37.2878834],[127.0696571,37.2878433],[127.0697113,37.2877223],[127.0697864,37.2876502],[127.0699179,37.2874293],[127.0699326,37.2874128],[127.0699568,37.2873776],[127.0699943,37.2873381],[127.0700748,37.2873007],[127.0701304,37.2872912],[127.0701804,37.2872897],[127.0702209,37.2872885],[127.0702958,37.2871635],[127.0703349,37.2870981]]},"properties":{"id":"way/589631545/park/0","highway":"footway","name":"공원 산책길","surface":null}},{"type":"Feature","id":"way/589633024/park/0","geometry":{"type":"LineString","coordinates":[[127.0680978,37.2885275],[127.0685009,37.2883816],[127.0686097,37.2883401],[127.0688752,37.2882451],[127.0689851,37.2882216],[127.0691062,37.2882098],[127.0692323,37.2882172],[127.0693329,37.2882562],[127.0694293,37.2882752],[127.0695337,37.2882333],[127.06964,37.2881906],[127.0697258,37.2881404],[127.0697728,37.2880935],[127.0698003,37.2880236],[127.0698365,37.2879814],[127.0698988,37.287958],[127.0699592,37.2879516],[127.0700571,37.2879142],[127.0701349,37.2878737],[127.0701791,37.2878427],[127.0701979,37.2878086],[127.0702261,37.2877499],[127.0702831,37.2876395],[127.0703059,37.2875594],[127.0703193,37.2874901],[127.0703347,37.2874021],[127.0703582,37.2873653],[127.0703876,37.287333],[127.0704067,37.287312],[127.0702209,37.2872885]]},"properties":{"id":"way/589633024/park/0","highway":"footway","name":"공원 산책길","surface":null}},{"type":"Feature","id":"way/589633025/park/0","geometry":{"type":"LineString","coordinates":[[127.0698884,37.2851945],[127.070231,37.2852532],[127.0704054,37.2852959],[127.0705663,37.2853428],[127.0706182,37.2853666],[127.0706736,37.2853919],[127.0707701,37.2854581],[127.0708077,37.285505],[127.0708291,37.2855434],[127.0708587,37.2855648],[127.0708882,37.2855648],[127.0709981,37.2856032],[127.0712556,37.2856864],[127.0713307,37.2857163],[127.0713629,37.2857355],[127.071379,37.2857632],[127.0713629,37.2857867],[127.0713522,37.2858102],[127.0713575,37.2858336],[127.0713629,37.2859147],[127.0713522,37.2859531],[127.0713602,37.2859809],[127.0714219,37.2860086],[127.0715158,37.2860364],[127.0718672,37.2860577],[127.0719403,37.2860278],[127.0719802,37.286063],[127.0720258,37.2861153],[127.0720386,37.2861718],[127.0720649,37.2862647],[127.0721233,37.286309],[127.0721582,37.2863426],[127.0721769,37.2863645],[127.0722232,37.2865069],[127.0722299,37.2865427],[127.0722199,37.2866062],[127.0722104,37.2866521],[127.0721823,37.2867172],[127.0721039,37.2868585],[127.0719691,37.2870708],[127.0719074,37.2871519],[127.0717854,37.2872591],[127.0716855,37.2873178],[127.0715729,37.2873399],[127.0713942,37.2873482],[127.0711884,37.2873272],[127.0710289,37.2872803]]},"properties":{"id":"way/589633025/park/0","highway":"footway","name":"공원 산책길","surface":null}},{"type":"Feature","id":"way/589633026/park/0","geometry":{"type":"LineString","coordinates":[[127.0706182,37.2853666],[127.0705877,37.2854378],[127.070577,37.2854762],[127.0705797,37.2856064],[127.0705743,37.2856555],[127.0705609,37.2857067],[127.0705475,37.2857493],[127.0705475,37.2857963],[127.0705877,37.2858902],[127.070628,37.2859564],[127.0706414,37.2860033],[127.0706575,37.2860844],[127.0706897,37.2862701]]},"properties":{"id":"way/589633026/park/0","highway":"footway","name":"공원 산책길","surface":null}},{"type":"Feature","id":"way/589633027/park/0","geometry":{"type":"LineString","coordinates":[[127.0697939,37.2864883],[127.0697938,37.2864002],[127.0698367,37.2863832],[127.0699413,37.2863789],[127.0701479,37.2863618],[127.0702793,37.2863575],[127.0706199,37.2863127],[127.0706682,37.2863021],[127.0706897,37.2862701],[127.0707701,37.2863085],[127.070856,37.2863618],[127.0709525,37.2864301]]},"properties":{"id":"way/589633027/park/0","highway":"footway","name":"공원 산책길","surface":null}},{"type":"Feature","id":"way/589637094/park/0","geometry":{"type":"LineString","coordinates":[[127.0693648,37.2891701],[127.0700083,37.2890567],[127.0701373,37.2890575],[127.0706627,37.2892653],[127.0707754,37.2892653],[127.0710021,37.2891138],[127.0711267,37.2890178],[127.0712179,37.2888642],[127.0713038,37.2888407],[127.0713306,37.2887703],[127.0717222,37.2884139],[127.0718026,37.2883712],[127.0719046,37.2883243],[127.0720145,37.2882816],[127.0721057,37.2882688],[127.0722002,37.2882514]]},"properties":{"id":"way/589637094/park/0","highway":"footway","name":"공원 산책길","surface":null}},{"type":"Feature","id":"way/589637096/park/0","geometry":{"type":"LineString","coordinates":[[127.0685009,37.2883816],[127.0685143,37.2884075],[127.0685572,37.2884438],[127.0685894,37.2884694],[127.0686591,37.2885142],[127.0687074,37.2885398],[127.0687986,37.2886102],[127.0688308,37.288655],[127.0688656,37.2887468],[127.0689005,37.2888471],[127.0689246,37.288894],[127.0689749,37.2889527]]},"properties":{"id":"way/589637096/park/0","highway":"footway","name":"공원 산책길","surface":null}},{"type":"Feature","id":"way/589637097/park/0","geometry":{"type":"LineString","coordinates":[[127.0711267,37.2890178],[127.0710193,37.2891834],[127.0708424,37.2894638],[127.0708129,37.2894958],[127.0707727,37.2895022],[127.0701064,37.2894032],[127.0698392,37.2893635],[127.0696755,37.2893349],[127.0693139,37.2891756]]},"properties":{"id":"way/589637097/park/0","highway":"footway","name":"공원 산책길","surface":null}},{"type":"Feature","properties":{"id":"way/591961195/park/0","highway":"footway","name":"공원 산책길","surface":null},"geometry":{"type":"LineString","coordinates":[[127.07386280365583,37.29076477637528],[127.0739128,37.2907662],[127.0740335,37.2907662],[127.0740415,37.2907214],[127.0740684,37.2906916],[127.074122,37.290666],[127.0741703,37.2906446],[127.0742212,37.2906169],[127.0743098,37.2905016],[127.074358,37.2904355],[127.0743956,37.2903885],[127.0744492,37.2903437],[127.0745029,37.2902989],[127.0745512,37.2902498],[127.0745887,37.2902008],[127.0746289,37.290141],[127.0746719,37.2900685],[127.074696,37.290013]]},"bbox":[127.07386280365583,37.290013,127.074696,37.2907662],"id":"way/591961195/park/0"},{"type":"Feature","id":"way/593075839/park/0","geometry":{"type":"LineString","coordinates":[[127.0742246,37.2896622],[127.074402,37.289536],[127.0747426,37.2898934],[127.0750363,37.290001],[127.0751126,37.290006]]},"properties":{"id":"way/593075839/park/0","highway":"footway","name":"공원 산책길","surface":null}},{"type":"Feature","id":"way/593075840/park/0","geometry":{"type":"LineString","coordinates":[[127.074696,37.290013],[127.0747426,37.2898934]]},"properties":{"id":"way/593075840/park/0","highway":"footway","name":"공원 산책길","surface":null}},{"type":"Feature","id":"way/593075842/park/0","geometry":{"type":"LineString","coordinates":[[127.0762157,37.2917584],[127.0762314,37.2918737],[127.0762459,37.2919468],[127.0762712,37.2920135],[127.076302,37.2920692],[127.0764944,37.2922695],[127.076595,37.2923805],[127.0766781,37.2924498],[127.076772,37.2925181],[127.0768645,37.29258],[127.0770335,37.2926611],[127.0770925,37.2927134],[127.0771515,37.2927816],[127.0771739,37.2928363],[127.077189,37.2929374],[127.0771945,37.2931855]]},"properties":{"id":"way/593075842/park/0","highway":"footway","name":"공원 산책길","surface":null}},{"type":"Feature","id":"way/593075843/park/0","geometry":{"type":"LineString","coordinates":[[127.0771945,37.2931855],[127.0772756,37.2931648]]},"properties":{"id":"way/593075843/park/0","highway":"path","name":"공원 산책길","surface":"paved"}},{"type":"Feature","properties":{"id":"way/593086999/park/0","highway":"footway","name":"공원 산책길","surface":null},"geometry":{"type":"LineString","coordinates":[[127.0756427,37.2920137],[127.07574,37.2920777],[127.0763274,37.2927029],[127.0763971,37.2927562],[127.0764722,37.2928032],[127.0765366,37.2928202],[127.0766144,37.2928352],[127.0766814,37.2928565],[127.0767485,37.2928906],[127.0767994,37.2929355],[127.0768316,37.2929824],[127.0768638,37.2930443],[127.0769067,37.2930891],[127.0769631,37.2931275],[127.0770167,37.293151],[127.077073,37.2931659],[127.0771945,37.2931855]]},"bbox":[127.0756427,37.2920137,127.0771945,37.2931855],"id":"way/593086999/park/0"},{"type":"Feature","properties":{"id":"way/593087000/park/0","highway":"footway","name":"공원 산책길","surface":null},"geometry":{"type":"LineString","coordinates":[[127.0771945,37.2931855],[127.07721244924012,37.293353504887456]]},"bbox":[127.0771945,37.2931855,127.07721244924012,37.293353504887456],"id":"way/593087000/park/0"},{"type":"Feature","id":"way/727732866/park/0","geometry":{"type":"LineString","coordinates":[[127.0778089,37.2930224],[127.078055,37.2929825],[127.0782535,37.2926453],[127.0783667,37.2926139],[127.0783965,37.2923165],[127.0782786,37.2922401]]},"properties":{"id":"way/727732866/park/0","highway":"footway","name":"공원 산책길","surface":null}},{"type":"Feature","id":"way/727732870/park/0","geometry":{"type":"LineString","coordinates":[[127.0772756,37.2931648],[127.0776382,37.2930688]]},"properties":{"id":"way/727732870/park/0","highway":"path","name":"공원 산책길","surface":"paved"}},{"type":"Feature","properties":{"id":"way/727732871/park/0","highway":"path","name":"공원 산책길","surface":"paved"},"geometry":{"type":"LineString","coordinates":[[127.0776382,37.2930688],[127.0778089,37.2930224],[127.0782786,37.2922401],[127.0782779,37.292103],[127.0780103,37.29154],[127.0778725,37.2912349],[127.0778432,37.2908747],[127.0776687,37.2902267],[127.0775604,37.2897458],[127.0774387,37.2894532],[127.0773331,37.2893094],[127.0771606,37.2890784],[127.0770726,37.2888501],[127.0770459,37.2886529],[127.0770412,37.2884599],[127.0770661,37.2881812],[127.0770747,37.2878314],[127.0770591,37.2876833],[127.077006,37.2875165],[127.0769159,37.2873792],[127.0766262,37.2870545],[127.0763795,37.2867301],[127.0763349,37.2866454],[127.0762623,37.2865177],[127.0762014,37.2863171],[127.0762046,37.2862404],[127.0762185,37.2861667],[127.0763077,37.2859176],[127.0763193,37.2857525],[127.0762933,37.285544],[127.0762439,37.2854078],[127.0761878,37.2853461],[127.0760994,37.2852472],[127.0758986,37.2851022],[127.0754772,37.2848926],[127.0751801,37.2846993],[127.0750084,37.284535],[127.074695,37.284015],[127.0745661,37.283877],[127.0741586,37.2835458],[127.0737325,37.2832287],[127.0735204,37.2831792],[127.0733106,37.2832224],[127.0730867,37.2833578],[127.0728643,37.2834763],[127.0726106,37.283556],[127.0723096,37.2835743],[127.0721398,37.2835021],[127.0717411,37.2833346],[127.07145,37.283168],[127.0713117,37.2830812],[127.0712205,37.2830172],[127.0711668,37.2829574],[127.0711132,37.2828721],[127.071102,37.2828294],[127.0710606,37.2826612],[127.0710413,37.2825785],[127.0710244,37.2824367],[127.0710274,37.2823684],[127.0710542,37.2822702],[127.0710675,37.282165],[127.0710578,37.2820419],[127.0710195,37.2819527],[127.07095707745563,37.28184535568456]]},"bbox":[127.07095707745563,37.28184535568456,127.0782786,37.2930688],"id":"way/727732871/park/0"},{"type":"Feature","id":"way/727830286/park/0","geometry":{"type":"LineString","coordinates":[[127.0717411,37.2833346],[127.0708476,37.2844301]]},"properties":{"id":"way/727830286/park/0","highway":"footway","name":"공원 산책길","surface":null}},{"type":"Feature","id":"way/727830287/park/0","geometry":{"type":"LineString","coordinates":[[127.0739881,37.2837707],[127.0741586,37.2835458]]},"properties":{"id":"way/727830287/park/0","highway":"footway","name":"공원 산책길","surface":null}},{"type":"Feature","id":"way/727830288/park/0","geometry":{"type":"LineString","coordinates":[[127.0724155,37.2836494],[127.073098,37.2836617],[127.0735302,37.2835517],[127.0736013,37.2833768],[127.073504,37.2833139],[127.0730867,37.2833578]]},"properties":{"id":"way/727830288/park/0","highway":"footway","name":"공원 산책길","surface":null}},{"type":"Feature","properties":{"id":"way/727830290/park/0","highway":"footway","name":"공원 산책길","surface":null},"geometry":{"type":"LineString","coordinates":[[127.071102,37.2828294],[127.0712151,37.2828593],[127.0714243,37.2829788],[127.0715423,37.2830172],[127.0717677,37.2830599],[127.0719447,37.2831068],[127.0721217,37.283158],[127.0722987,37.2832092],[127.0723524,37.2831964],[127.0723953,37.2831367],[127.0724221,37.2830471],[127.0724167,37.2829958],[127.0723953,37.2829446],[127.0723269,37.2829115],[127.0725401,37.2826843],[127.0726099,37.282616],[127.0727118,37.2826074],[127.07274333055248,37.282575811393556]]},"bbox":[127.071102,37.282575811393556,127.07274333055248,37.2832092],"id":"way/727830290/park/0"},{"type":"Feature","id":"way/727830291/park/0","geometry":{"type":"LineString","coordinates":[[127.0723524,37.2831964],[127.0723577,37.2832861],[127.0726689,37.2833501],[127.0727279,37.2833672],[127.0728643,37.2834763]]},"properties":{"id":"way/727830291/park/0","highway":"footway","name":"공원 산책길","surface":null}},{"type":"Feature","id":"way/727830292/park/0","geometry":{"type":"LineString","coordinates":[[127.0723269,37.2829115],[127.0722665,37.2828593],[127.07217,37.2828379],[127.0720949,37.2828038],[127.0720466,37.2827739],[127.071993,37.2828038],[127.0719608,37.2828422],[127.071993,37.2829233],[127.0720681,37.2829532],[127.07217,37.2828379]]},"properties":{"id":"way/727830292/park/0","highway":"footway","name":"공원 산책길","surface":null}},{"type":"Feature","id":"way/727830295/park/0","geometry":{"type":"LineString","coordinates":[[127.0698794,37.2831538],[127.0698847,37.283205],[127.0699008,37.2832519],[127.0699169,37.2832903],[127.0699233,37.2833256]]},"properties":{"id":"way/727830295/park/0","highway":"footway","name":"공원 산책길","surface":null}},{"type":"Feature","id":"way/727830297/park/0","geometry":{"type":"LineString","coordinates":[[127.0699008,37.2832519],[127.069992,37.283158],[127.0699974,37.283094]]},"properties":{"id":"way/727830297/park/0","highway":"footway","name":"공원 산책길","surface":null}},{"type":"Feature","id":"way/727830299/park/0","geometry":{"type":"LineString","coordinates":[[127.0707591,37.2828934],[127.071102,37.2828294]]},"properties":{"id":"way/727830299/park/0","highway":"footway","name":"공원 산책길","surface":null}},{"type":"Feature","id":"way/727830314/park/0","geometry":{"type":"LineString","coordinates":[[127.0687436,37.2832248],[127.0689455,37.2829574]]},"properties":{"id":"way/727830314/park/0","highway":"path","name":"공원 산책길","surface":"paved"}},{"type":"Feature","properties":{"id":"way/727830315/park/0","highway":"path","name":"공원 산책길","surface":"paved"},"geometry":{"type":"LineString","coordinates":[[127.0689455,37.2829574],[127.0690107,37.2828525],[127.0699985,37.2814397],[127.0700024358162,37.28143406771129]]},"bbox":[127.0689455,37.28143406771129,127.0700024358162,37.2829574],"id":"way/727830315/park/0"},{"type":"Feature","properties":{"id":"way/832061711/park/0","highway":"footway","name":"공원 산책길","surface":null},"geometry":{"type":"LineString","coordinates":[[127.0660326,37.2758211],[127.0660189,37.2757433],[127.0660336,37.2756697],[127.0660511,37.2755982],[127.0660698,37.2755353],[127.0661047,37.2754307],[127.0661342,37.2753634],[127.0661838,37.2752727],[127.06623861218146,37.27518126647473]]},"bbox":[127.0660189,37.27518126647473,127.06623861218146,37.2758211],"id":"way/832061711/park/0"},{"type":"Feature","id":"way/832604402/park/0","geometry":{"type":"LineString","coordinates":[[127.0660496,37.2759914],[127.0664722,37.2761389],[127.0664914,37.2761581]]},"properties":{"id":"way/832604402/park/0","highway":"footway","name":"공원 산책길","surface":null}},{"type":"Feature","id":"way/841794843/park/0","geometry":{"type":"LineString","coordinates":[[127.0653871,37.2799309],[127.0654585,37.2797118],[127.0654163,37.2785731],[127.0653338,37.2779467],[127.0654696,37.2777761],[127.0655874,37.2776869],[127.065658,37.2776334]]},"properties":{"id":"way/841794843/park/0","highway":"footway","name":"공원 산책길","surface":null}},{"type":"Feature","id":"way/997690252/park/0","geometry":{"type":"LineString","coordinates":[[127.0722002,37.2882514],[127.0724444,37.2882428],[127.0726094,37.2883175],[127.0727065,37.2884135]]},"properties":{"id":"way/997690252/park/0","highway":"footway","name":"공원 산책길","surface":null}},{"type":"Feature","id":"way/997690253/park/0","geometry":{"type":"LineString","coordinates":[[127.0698626,37.2848028],[127.0700088,37.2846684],[127.0700504,37.2845521],[127.0700946,37.2842661],[127.0701225,37.2842242],[127.0702808,37.284231],[127.0705272,37.2843741],[127.0706119,37.2845537],[127.0707022,37.2846084],[127.0711321,37.2847916],[127.0713043,37.2848652],[127.0713962,37.2849428],[127.0716061,37.2851672],[127.0717519,37.2852407],[127.0719305,37.2853726],[127.0719614,37.2854285],[127.0719503,37.2856387]]},"properties":{"id":"way/997690253/park/0","highway":"footway","name":"공원 산책길","surface":null}},{"type":"Feature","id":"way/1020278915/park/0","geometry":{"type":"LineString","coordinates":[[127.065658,37.2776334],[127.0654803,37.2774398]]},"properties":{"id":"way/1020278915/park/0","highway":"footway","name":"공원 산책길","surface":"wood"}},{"type":"Feature","id":"way/1020278917/park/0","geometry":{"type":"LineString","coordinates":[[127.0647908,37.2805136],[127.0648612,37.2805067],[127.0651151,37.2805629],[127.0652409,37.2805675],[127.0653332,37.2805146],[127.0654092,37.2803692],[127.0653364,37.2801135]]},"properties":{"id":"way/1020278917/park/0","highway":"footway","name":"공원 산책길","surface":null}},{"type":"Feature","id":"way/1020278918/park/0","geometry":{"type":"LineString","coordinates":[[127.0653364,37.2801135],[127.0653871,37.2799309]]},"properties":{"id":"way/1020278918/park/0","highway":"footway","name":"공원 산책길","surface":null}},{"type":"Feature","id":"way/1029178830/park/0","geometry":{"type":"LineString","coordinates":[[127.0634406,37.2753483],[127.0634675,37.2751099]]},"properties":{"id":"way/1029178830/park/0","highway":"path","name":"공원 산책길","surface":"sett"}},{"type":"Feature","properties":{"id":"way/1043102102/park/0","highway":"footway","name":"공원 산책길","surface":null},"geometry":{"type":"LineString","coordinates":[[127.06359598453508,37.27479105770112],[127.0642778,37.2749308],[127.0649173,37.2751115],[127.064986,37.2751073],[127.0650394,37.2750832],[127.0650865,37.2750249],[127.0651238,37.2749221],[127.0651611,37.2747912],[127.0651931,37.27467]]},"bbox":[127.06359598453508,37.27467,127.0651931,37.2751115],"id":"way/1043102102/park/0"},{"type":"Feature","properties":{"id":"way/1043102108/park/0","highway":"footway","name":"공원 산책길","surface":"paving_stones"},"geometry":{"type":"LineString","coordinates":[[127.06335523060629,37.2748458722284],[127.0635205,37.2748575]]},"bbox":[127.06335523060629,37.2748458722284,127.0635205,37.2748575],"id":"way/1043102108/park/0"},{"type":"Feature","properties":{"id":"way/1110509340/park/0","highway":"footway","name":"공원 산책길","surface":null},"geometry":{"type":"LineString","coordinates":[[127.06651674976608,37.27609743389315],[127.0664914,37.2761581],[127.0660356,37.2762335]]},"bbox":[127.0660356,37.27609743389315,127.06651674976608,37.2762335],"id":"way/1110509340/park/0"},{"type":"Feature","properties":{"id":"way/1161136071/park/0","highway":"footway","name":"공원 산책길","surface":"wood"},"geometry":{"type":"LineString","coordinates":[[127.0606591,37.2764351],[127.06059624629863,37.276462388795615]]},"bbox":[127.06059624629863,37.2764351,127.0606591,37.276462388795615],"id":"way/1161136071/park/0"},{"type":"Feature","id":"way/1161136073/park/0","geometry":{"type":"LineString","coordinates":[[127.0612434,37.2759609],[127.0607696,37.276375]]},"properties":{"id":"way/1161136073/park/0","highway":"footway","name":"공원 산책길","surface":"wood"}},{"type":"Feature","id":"way/1161136074/park/0","geometry":{"type":"LineString","coordinates":[[127.0644743,37.275542],[127.0644451,37.2755388],[127.0640701,37.2753703],[127.0639306,37.2753315],[127.0637567,37.2753343],[127.0634406,37.2753483],[127.0632364,37.2753753]]},"properties":{"id":"way/1161136074/park/0","highway":"path","name":"공원 산책길","surface":null}},{"type":"Feature","id":"way/1161136075/park/0","geometry":{"type":"LineString","coordinates":[[127.0661865,37.2770606],[127.066338,37.2770181]]},"properties":{"id":"way/1161136075/park/0","highway":"footway","name":"공원 산책길","surface":null}},{"type":"Feature","id":"way/1161136076/park/0","geometry":{"type":"LineString","coordinates":[[127.061624,37.286597],[127.0617271,37.2865968],[127.061827,37.2866096],[127.062865,37.2866416],[127.0629348,37.2866416],[127.0630045,37.2866352],[127.0630689,37.2866203],[127.0631225,37.2866011],[127.0631735,37.2865755],[127.0632084,37.2865472],[127.0632443,37.2865063],[127.0632747,37.2864602]]},"properties":{"id":"way/1161136076/park/0","highway":"footway","name":"공원 산책길","surface":null}},{"type":"Feature","properties":{"id":"way/1161151552/park/0","highway":"footway","name":"공원 산책길","surface":null},"geometry":{"type":"LineString","coordinates":[[127.06122759860192,37.28695726534599],[127.0612266,37.2868968],[127.0612139,37.2868221],[127.0611971,37.2867352],[127.0611723,37.2866023],[127.0611843,37.2865111],[127.0611857,37.2864082],[127.0611951,37.2863361],[127.0612078,37.2862556],[127.0612165,37.2861793],[127.0612286,37.2860795],[127.061238,37.2859968],[127.0612521,37.2859205],[127.0612648,37.285849],[127.0612869,37.2857824],[127.0613131,37.2857157],[127.0613835,37.2856015],[127.0614329,37.2855248],[127.0614453,37.2855066]]},"bbox":[127.0611723,37.2855066,127.0614453,37.28695726534599],"id":"way/1161151552/park/0"},{"type":"Feature","properties":{"id":"way/1161151573/park/0","highway":"footway","name":"공원 산책길","surface":null},"geometry":{"type":"LineString","coordinates":[[127.061711,37.2857163],[127.0616916,37.2857481],[127.0616658,37.2858005],[127.0616236,37.2859109],[127.0616041,37.2859845],[127.0615914,37.286056],[127.0615726,37.2861739],[127.0615625,37.2863244],[127.0615451,37.2865186],[127.061596,37.2865887],[127.0615099,37.286718],[127.0615314,37.2868546],[127.061518,37.2868909],[127.0614992,37.2869314],[127.0614912,37.2869741],[127.0614885,37.2870787],[127.06148862086174,37.28707977330152]]},"bbox":[127.0614885,37.2857163,127.061711,37.28707977330152],"id":"way/1161151573/park/0"},{"type":"Feature","id":"way/1161151574/park/0","geometry":{"type":"LineString","coordinates":[[127.0632747,37.2864602],[127.063329,37.2863791],[127.0634186,37.2862572],[127.0634642,37.2861473],[127.0635246,37.2859904],[127.0635943,37.2858613]]},"properties":{"id":"way/1161151574/park/0","highway":"footway","name":"공원 산책길","surface":null}},{"type":"Feature","properties":{"id":"way/1161151575/park/0","highway":"footway","name":"공원 산책길","surface":null},"geometry":{"type":"LineString","coordinates":[[127.0635943,37.2858613],[127.06364324523736,37.28578738084265]]},"bbox":[127.0635943,37.28578738084265,127.06364324523736,37.2858613],"id":"way/1161151575/park/0"},{"type":"Feature","id":"way/1161155672/park/0","geometry":{"type":"LineString","coordinates":[[127.0662752,37.2763247],[127.0665286,37.276284]]},"properties":{"id":"way/1161155672/park/0","highway":"footway","name":"공원 산책길","surface":null}},{"type":"Feature","id":"way/1161155673/park/0","geometry":{"type":"LineString","coordinates":[[127.0660388,37.2763626],[127.0661248,37.2763488]]},"properties":{"id":"way/1161155673/park/0","highway":"footway","name":"공원 산책길","surface":null}},{"type":"Feature","id":"way/1161155674/park/0","geometry":{"type":"LineString","coordinates":[[127.0665286,37.276284],[127.0665084,37.2762245]]},"properties":{"id":"way/1161155674/park/0","highway":"path","name":"공원 산책길","surface":null}},{"type":"Feature","id":"way/1161155675/park/0","geometry":{"type":"LineString","coordinates":[[127.0664914,37.2761581],[127.0665084,37.2762245]]},"properties":{"id":"way/1161155675/park/0","highway":"path","name":"공원 산책길","surface":null}},{"type":"Feature","id":"way/1161155676/park/0","geometry":{"type":"LineString","coordinates":[[127.0661248,37.2763488],[127.0661908,37.2763382],[127.0662752,37.2763247]]},"properties":{"id":"way/1161155676/park/0","highway":"footway","name":"공원 산책길","surface":null}},{"type":"Feature","properties":{"id":"way/1161157542/park/0","highway":"footway","name":"공원 산책길","surface":null},"geometry":{"type":"LineString","coordinates":[[127.0632747,37.2864602],[127.063317773169,37.2864760186042]]},"bbox":[127.0632747,37.2864602,127.063317773169,37.2864760186042],"id":"way/1161157542/park/0"},{"type":"Feature","id":"way/1161157547/park/0","geometry":{"type":"LineString","coordinates":[[127.0632451,37.2864471],[127.0632747,37.2864602]]},"properties":{"id":"way/1161157547/park/0","highway":"footway","name":"공원 산책길","surface":null}},{"type":"Feature","properties":{"id":"way/1163067165/park/0","highway":"footway","name":"공원 산책길","surface":null},"geometry":{"type":"LineString","coordinates":[[127.0632747,37.2864602],[127.06334333543627,37.28643729681446]]},"bbox":[127.0632747,37.28643729681446,127.06334333543627,37.2864602],"id":"way/1163067165/park/0"},{"type":"Feature","id":"way/1163067167/park/0","geometry":{"type":"LineString","coordinates":[[127.0617722,37.2856236],[127.061711,37.2857163]]},"properties":{"id":"way/1163067167/park/0","highway":"footway","name":"공원 산책길","surface":null}},{"type":"Feature","properties":{"id":"way/1163067168/park/0","highway":"footway","name":"공원 산책길","surface":null},"geometry":{"type":"LineString","coordinates":[[127.0609842,37.2858955],[127.06087768075022,37.28578465936865]]},"bbox":[127.06087768075022,37.28578465936865,127.0609842,37.2858955],"id":"way/1163067168/park/0"},{"type":"Feature","properties":{"id":"way/1163067178/park/0","highway":"footway","name":"공원 산책길","surface":"wood"},"geometry":{"type":"LineString","coordinates":[[127.0606823611699,37.28483950733796],[127.0607354,37.2848032]]},"bbox":[127.0606823611699,37.2848032,127.0607354,37.28483950733796],"id":"way/1163067178/park/0"},{"type":"Feature","properties":{"id":"way/1163067184/park/0","highway":"footway","name":"공원 산책길","surface":null},"geometry":{"type":"LineString","coordinates":[[127.06055596412816,37.28649149682617],[127.060715,37.2862305],[127.0609842,37.2858955],[127.0611455,37.2856949],[127.0612165,37.2855786],[127.0614329,37.2855248]]},"bbox":[127.06055596412816,37.2855248,127.0614329,37.28649149682617],"id":"way/1163067184/park/0"},{"type":"Feature","properties":{"id":"way/1163067214/park/0","highway":"footway","name":"공원 산책길","surface":"paving_stones"},"geometry":{"type":"LineString","coordinates":[[127.0594232,37.2844165],[127.05935165345221,37.284468224944845]]},"bbox":[127.05935165345221,37.2844165,127.0594232,37.284468224944845],"id":"way/1163067214/park/0"},{"type":"Feature","properties":{"id":"way/1164152580/park/0","highway":"footway","name":"공원 산책길","surface":null},"geometry":{"type":"LineString","coordinates":[[127.0635737529182,37.28419062981749],[127.0634776,37.2841626]]},"bbox":[127.0634776,37.2841626,127.0635737529182,37.28419062981749],"id":"way/1164152580/park/0"},{"type":"Feature","id":"way/1164152582/park/0","geometry":{"type":"LineString","coordinates":[[127.0645193,37.282647],[127.0648141,37.2827344],[127.0648952,37.2828102],[127.0649595,37.2828704]]},"properties":{"id":"way/1164152582/park/0","highway":"footway","name":"공원 산책길","surface":null}},{"type":"Feature","id":"way/1164152583/park/0","geometry":{"type":"LineString","coordinates":[[127.0643153,37.2822921],[127.0643975,37.2822685]]},"properties":{"id":"way/1164152583/park/0","highway":"footway","name":"공원 산책길","surface":null}},{"type":"Feature","id":"way/1164152584/park/0","geometry":{"type":"LineString","coordinates":[[127.0643058,37.2817025],[127.0643629,37.2818768],[127.0643802,37.2819549],[127.0643975,37.2822685],[127.0644017,37.2823446],[127.0643856,37.2825391],[127.064338,37.2827995]]},"properties":{"id":"way/1164152584/park/0","highway":"footway","name":"공원 산책길","surface":null}},{"type":"Feature","id":"way/1164152587/park/0","geometry":{"type":"LineString","coordinates":[[127.0632451,37.2864471],[127.0629585,37.2863101],[127.0625388,37.2860935],[127.0620448,37.2857978],[127.0617722,37.2856236],[127.0614992,37.2854303],[127.0612818,37.2852786],[127.0610192,37.2850608]]},"properties":{"id":"way/1164152587/park/0","highway":"footway","name":"공원 산책길","surface":null}},{"type":"Feature","id":"way/1164161873/park/0","geometry":{"type":"LineString","coordinates":[[127.0661471,37.2819471],[127.0659493,37.2816561],[127.065482,37.2817225]]},"properties":{"id":"way/1164161873/park/0","highway":"footway","name":"공원 산책길","surface":null}},{"type":"Feature","id":"way/1164161874/park/0","geometry":{"type":"LineString","coordinates":[[127.0646538,37.282179],[127.0651674,37.2819922],[127.0653766,37.2820648],[127.0656194,37.2819783],[127.0657606,37.2820559],[127.0659991,37.2819518]]},"properties":{"id":"way/1164161874/park/0","highway":"footway","name":"공원 산책길","surface":null}},{"type":"Feature","id":"way/1164161875/park/0","geometry":{"type":"LineString","coordinates":[[127.0668083,37.2810249],[127.0672192,37.2808496]]},"properties":{"id":"way/1164161875/park/0","highway":"footway","name":"공원 산책길","surface":null}},{"type":"Feature","id":"way/1164161876/park/0","geometry":{"type":"LineString","coordinates":[[127.0666621,37.2810201],[127.0668083,37.2810249],[127.0668017,37.2811256]]},"properties":{"id":"way/1164161876/park/0","highway":"footway","name":"공원 산책길","surface":null}},{"type":"Feature","id":"way/1164161878/park/0","geometry":{"type":"LineString","coordinates":[[127.0662802,37.2809977],[127.0662943,37.2810009]]},"properties":{"id":"way/1164161878/park/0","highway":"footway","name":"공원 산책길","surface":null}},{"type":"Feature","id":"way/1164161879/park/0","geometry":{"type":"LineString","coordinates":[[127.0660586,37.2811398],[127.0660452,37.2810825],[127.0660505,37.2810164],[127.0661096,37.2809513]]},"properties":{"id":"way/1164161879/park/0","highway":"footway","name":"공원 산책길","surface":null}},{"type":"Feature","id":"way/1164161880/park/0","geometry":{"type":"LineString","coordinates":[[127.0661191,37.2812188],[127.0662235,37.2812207]]},"properties":{"id":"way/1164161880/park/0","highway":"footway","name":"공원 산책길","surface":null}},{"type":"Feature","id":"way/1164161881/park/0","geometry":{"type":"LineString","coordinates":[[127.0660999,37.2811337],[127.0660586,37.2811398],[127.0660264,37.2811471]]},"properties":{"id":"way/1164161881/park/0","highway":"footway","name":"공원 산책길","surface":null}},{"type":"Feature","id":"way/1164161882/park/0","geometry":{"type":"LineString","coordinates":[[127.066129,37.2810665],[127.0661914,37.2810553],[127.0662517,37.2810527],[127.0662802,37.2809977],[127.06631,37.2809406],[127.0662698,37.2809251],[127.0662108,37.2809187],[127.0661491,37.2809251],[127.0661096,37.2809513],[127.066129,37.2810665],[127.0661089,37.2810959],[127.0660999,37.2811337],[127.0661191,37.2812188],[127.0661176,37.2813258],[127.0660465,37.2814053],[127.0659741,37.2815515],[127.0659493,37.2816561]]},"properties":{"id":"way/1164161882/park/0","highway":"footway","name":"공원 산책길","surface":null}},{"type":"Feature","id":"way/1164161884/park/0","geometry":{"type":"LineString","coordinates":[[127.0656489,37.2808717],[127.0658288,37.2808393]]},"properties":{"id":"way/1164161884/park/0","highway":"footway","name":"공원 산책길","surface":null}},{"type":"Feature","id":"way/1164161885/park/0","geometry":{"type":"LineString","coordinates":[[127.0655566,37.2808833],[127.0656489,37.2808717]]},"properties":{"id":"way/1164161885/park/0","highway":"footway","name":"공원 산책길","surface":null}},{"type":"Feature","id":"way/1164161886/park/0","geometry":{"type":"LineString","coordinates":[[127.065956,37.2808195],[127.0660371,37.2808243],[127.0661055,37.2808504],[127.0661384,37.2808889],[127.0661491,37.2809251]]},"properties":{"id":"way/1164161886/park/0","highway":"footway","name":"공원 산책길","surface":null}},{"type":"Feature","id":"way/1164161887/park/0","geometry":{"type":"LineString","coordinates":[[127.0660264,37.2811471],[127.0659486,37.2811636],[127.0659929,37.2812933],[127.0657562,37.2813488],[127.0656502,37.2811071],[127.0655298,37.2810733]]},"properties":{"id":"way/1164161887/park/0","highway":"footway","name":"공원 산책길","surface":null}},{"type":"Feature","properties":{"id":"way/1164435932/park/0","highway":"footway","name":"공원 산책길","surface":null},"geometry":{"type":"LineString","coordinates":[[127.06394324152718,37.28748274085755],[127.0641562,37.2875258],[127.0643038,37.2875066],[127.0644137,37.2874917],[127.0644888,37.2874319],[127.0645854,37.2874277],[127.0647249,37.2874469],[127.0648295,37.2873957],[127.0650119,37.2873722],[127.0651272,37.2873978],[127.0652345,37.2873935],[127.0654169,37.2874682],[127.0655054,37.2874618],[127.0658447,37.2876005],[127.06607,37.2875514],[127.066294,37.2876411],[127.0663851,37.2877137]]},"bbox":[127.06394324152718,37.2873722,127.0663851,37.2877137],"id":"way/1164435932/park/0"},{"type":"Feature","properties":{"id":"way/1164656619/park/0","highway":"path","name":"공원 산책길","surface":"paved"},"geometry":{"type":"LineString","coordinates":[[127.0684676,37.2846973],[127.0685754,37.2846969],[127.0686595,37.2846931],[127.0687311,37.2846868],[127.0687937,37.2846773],[127.0688509,37.2846636],[127.0689098,37.2846385],[127.0689714,37.2846025],[127.0690142,37.2845729],[127.0690602,37.2845401],[127.0691168,37.2845095],[127.0691596,37.2844828],[127.0692151,37.2844726],[127.0692712,37.2844742],[127.0693594,37.2844892],[127.0697629,37.2846869],[127.0697775,37.2847025],[127.0697848,37.2847281],[127.0697751,37.2848302],[127.0697425,37.2849253],[127.0697415,37.2849507],[127.0697518,37.284974],[127.0697754,37.2850145],[127.0698141,37.2850583],[127.0698495,37.2851079],[127.0698672,37.2851477],[127.0698884,37.2851945],[127.069882,37.2852579],[127.0698738,37.2853156],[127.0698536,37.2853722],[127.0698361,37.2854138],[127.0698053,37.2854518],[127.0696109,37.2856969],[127.0695989,37.2857253],[127.0696009,37.2857587],[127.0697124,37.2859371],[127.0697151,37.2859787],[127.0697057,37.2860214],[127.0696746,37.2860835],[127.0696274,37.2861422],[127.0695491,37.2861646],[127.0694926,37.2861667],[127.0694242,37.2861634],[127.0693691,37.2861644],[127.0693214,37.2861748],[127.069243,37.2862028],[127.0692028,37.2862273],[127.0691545,37.286271],[127.0691317,37.2863009],[127.069113,37.2863393],[127.0690928,37.286398],[127.0690767,37.2864791],[127.069071,37.2865483],[127.0690539,37.2866349],[127.0690278,37.2867037],[127.0689859,37.2867583],[127.0689041,37.286807],[127.0687268,37.2869027],[127.0685877,37.2869605],[127.0685138,37.2869964],[127.0684614,37.2870354],[127.0684274,37.287081],[127.068412,37.2871106],[127.0684003,37.2871425],[127.0683958,37.2871755],[127.0683962,37.2872304],[127.0684071,37.287293],[127.0684087,37.2873504],[127.0683991,37.2874299],[127.0683625,37.2875221],[127.0683408,37.2875875],[127.0683259,37.2876394],[127.0683211,37.2876845],[127.0683459,37.2879068],[127.068354,37.2880683],[127.0683375,37.2881271],[127.0683253,37.2881627],[127.0682927,37.2882063],[127.0682079,37.2882972],[127.0681132,37.2884206],[127.0681021,37.2884524],[127.0680978,37.2885275],[127.068111,37.2885621],[127.0681322,37.2886183],[127.0681571,37.2886942],[127.0681656,37.2887806],[127.0681575,37.2888254],[127.06813560776342,37.288860213342566]]},"bbox":[127.0680978,37.2844726,127.0698884,37.288860213342566],"id":"way/1164656619/park/0"},{"type":"Feature","id":"way/1164656620/park/0","geometry":{"type":"LineString","coordinates":[[127.0719503,37.2856387],[127.0718172,37.2858321],[127.0718141,37.2859287],[127.0719403,37.2860278]]},"properties":{"id":"way/1164656620/park/0","highway":"footway","name":"공원 산책길","surface":null}},{"type":"Feature","id":"way/1164656621/park/0","geometry":{"type":"LineString","coordinates":[[127.0697751,37.2848302],[127.0698626,37.2848028]]},"properties":{"id":"way/1164656621/park/0","highway":"footway","name":"공원 산책길","surface":null}},{"type":"Feature","id":"way/1164656622/park/0","geometry":{"type":"LineString","coordinates":[[127.0708476,37.2844301],[127.0707022,37.2846084]]},"properties":{"id":"way/1164656622/park/0","highway":"footway","name":"공원 산책길","surface":null}},{"type":"Feature","id":"way/1164656623/park/0","geometry":{"type":"LineString","coordinates":[[127.0647983,37.2828733],[127.0648952,37.2828102]]},"properties":{"id":"way/1164656623/park/0","highway":"footway","name":"공원 산책길","surface":null}},{"type":"Feature","id":"way/1164656624/park/0","geometry":{"type":"LineString","coordinates":[[127.066375,37.2823879],[127.0662905,37.2826824],[127.0665809,37.2828281],[127.0666593,37.2829855],[127.0666414,37.2830543]]},"properties":{"id":"way/1164656624/park/0","highway":"footway","name":"공원 산책길","surface":"wood"}},{"type":"Feature","id":"way/1164656625/park/0","geometry":{"type":"LineString","coordinates":[[127.0679352,37.283313],[127.0676149,37.2835832],[127.0675184,37.2836888],[127.067623,37.2837785],[127.067408,37.2839609],[127.0672229,37.2838394],[127.0671513,37.2838874]]},"properties":{"id":"way/1164656625/park/0","highway":"footway","name":"공원 산책길","surface":"wood"}},{"type":"Feature","id":"way/1164656626/park/0","geometry":{"type":"LineString","coordinates":[[127.0676149,37.2835832],[127.0675345,37.2835085],[127.067403,37.2834978]]},"properties":{"id":"way/1164656626/park/0","highway":"footway","name":"공원 산책길","surface":"wood"}},{"type":"Feature","id":"way/1164656629/park/0","geometry":{"type":"LineString","coordinates":[[127.0710113,37.2872937],[127.0710289,37.2872803]]},"properties":{"id":"way/1164656629/park/0","highway":"footway","name":"공원 산책길","surface":null}},{"type":"Feature","id":"way/1164656630/park/0","geometry":{"type":"LineString","coordinates":[[127.0709914,37.287309],[127.0710113,37.2872937]]},"properties":{"id":"way/1164656630/park/0","highway":"footway","name":"공원 산책길","surface":null}},{"type":"Feature","id":"way/1164656631/park/0","geometry":{"type":"LineString","coordinates":[[127.0705147,37.2872574],[127.0705739,37.2872929]]},"properties":{"id":"way/1164656631/park/0","highway":"footway","name":"공원 산책길","surface":null}},{"type":"Feature","id":"way/1164656632/park/0","geometry":{"type":"LineString","coordinates":[[127.0704856,37.2872399],[127.0705147,37.2872574]]},"properties":{"id":"way/1164656632/park/0","highway":"footway","name":"공원 산책길","surface":null}},{"type":"Feature","id":"way/1164656633/park/0","geometry":{"type":"LineString","coordinates":[[127.0704067,37.287312],[127.0704856,37.2872399],[127.0702958,37.2871635]]},"properties":{"id":"way/1164656633/park/0","highway":"footway","name":"공원 산책길","surface":null}},{"type":"Feature","id":"way/1164656634/park/0","geometry":{"type":"LineString","coordinates":[[127.0700001,37.2879732],[127.0699592,37.2879516]]},"properties":{"id":"way/1164656634/park/0","highway":"footway","name":"공원 산책길","surface":null}},{"type":"Feature","id":"way/1164656636/park/0","geometry":{"type":"LineString","coordinates":[[127.069447,37.2882985],[127.0695136,37.288387]]},"properties":{"id":"way/1164656636/park/0","highway":"footway","name":"공원 산책길","surface":null}},{"type":"Feature","id":"way/1164808765/park/0","geometry":{"type":"LineString","coordinates":[[127.0701382,37.289145],[127.0701373,37.2890575]]},"properties":{"id":"way/1164808765/park/0","highway":"footway","name":"공원 산책길","surface":null}},{"type":"Feature","id":"way/1164808766/park/0","geometry":{"type":"LineString","coordinates":[[127.0700083,37.2890567],[127.0699996,37.2891279]]},"properties":{"id":"way/1164808766/park/0","highway":"footway","name":"공원 산책길","surface":null}},{"type":"Feature","id":"way/1164808767/park/0","geometry":{"type":"LineString","coordinates":[[127.0693329,37.2882562],[127.0693015,37.2882854],[127.0691486,37.2883989],[127.0689829,37.2886417],[127.0689749,37.2889527],[127.0690178,37.2889975],[127.0692456,37.2891475]]},"properties":{"id":"way/1164808767/park/0","highway":"footway","name":"공원 산책길","surface":null}},{"type":"Feature","id":"way/1302886828/park/0","geometry":{"type":"LineString","coordinates":[[127.0671306,37.2880641],[127.0670624,37.2879985],[127.0669618,37.2879441],[127.0668599,37.2878459],[127.0666909,37.2877968],[127.0665541,37.2877371],[127.0663851,37.2877137]]},"properties":{"id":"way/1302886828/park/0","highway":"footway","name":"공원 산책길","surface":null}},{"type":"Feature","properties":{"id":"way/1316188619/park/0","highway":"path","name":"공원 산책길","surface":null},"geometry":{"type":"LineString","coordinates":[[127.0665286,37.276284],[127.0665634,37.2763945],[127.0665818,37.2764528],[127.0665983,37.2764987],[127.066618,37.2765536],[127.0666305,37.2765974],[127.0666645,37.2767158],[127.0666888,37.2767989],[127.0667127,37.2768733],[127.0667814,37.2771126],[127.0668025,37.2771799],[127.0668172,37.2772379],[127.06682607776314,37.27725368431242]]},"bbox":[127.0665286,37.276284,127.06682607776314,37.27725368431242],"id":"way/1316188619/park/0"},{"type":"Feature","id":"way/1316188620/park/0","geometry":{"type":"LineString","coordinates":[[127.0697755,37.2813426],[127.0698891,37.281392],[127.0699985,37.2814397]]},"properties":{"id":"way/1316188620/park/0","highway":"footway","name":"공원 산책길","surface":null}},{"type":"Feature","properties":{"id":"way/1316188621/park/0","highway":"path","name":"공원 산책길","surface":null},"geometry":{"type":"LineString","coordinates":[[127.06978755577339,37.28132224701787],[127.0697755,37.2813426],[127.0697661,37.2813586],[127.0697176,37.2814345],[127.0696846,37.2814865],[127.0696002,37.2816151],[127.0695743,37.2816477],[127.0695882,37.2816769]]},"bbox":[127.0695743,37.28132224701787,127.06978755577339,37.2816769],"id":"way/1316188621/park/0"},{"type":"Feature","properties":{"id":"way/1316188623/park/0","highway":"path","name":"공원 산책길","surface":null},"geometry":{"type":"LineString","coordinates":[[127.06789529370252,37.2800503443928],[127.0673272,37.2808811],[127.0670019,37.2815151],[127.0669775,37.2817868],[127.0670914,37.2820521],[127.0673597,37.2823238],[127.0677728,37.2826537],[127.0680068,37.2828146],[127.0685492,37.2831312],[127.0685434,37.2831713],[127.0685216,37.2832091],[127.0684972,37.283227],[127.0684581,37.2832375],[127.0684229,37.2832348],[127.0683818,37.2832253],[127.0683616,37.2832958],[127.0683547,37.2833386],[127.0683598,37.2833686],[127.0683835,37.2834116]]},"bbox":[127.0669775,37.2800503443928,127.0685492,37.2834116],"id":"way/1316188623/park/0"}]}